Given,Sex
WILMA,F
WAGNER,M
BERNARD,M
JUAN,M
DANNY,M
FRANKLIN,M
MARCELO,M
JIMMY,M
ROMUALDO,M
PHILIP,M
NICOMEDES,M
VILLAMOR,M
HENEDINA,F
JOHN,M
MARIO,M
MANUEL,M
EMILIO,M
THOMAS,M
GLENN,M
SHERYL,F
ROMAN,M
DIVINA,F
JONATHAN,M
MAXIMO,M
ALMA,F
JULIET,F
JASON,M
WILFRED,M
SALVACION,F
ROGERICK,M
IMELDA,F
MILAGROS,F
ALEJANDRO,M
CRISANTO,M
ROLANDO,M
LARRY,M
AMBROCIO,M
CARLITO,M
RUBEN,M
EVELYN,F
DENNIS,M
NELSON,M
CAMILO,M
EFREN,M
BONIFACIO,M
JESUS,M
ALBERT,M
RONALD,M
BISMARK,M
JOEL,M
RAMON,M
MACARTHUR,M
BERNARDO,M
MARY,F
AVELARD,M
BENJAMIN,M
RODOLFO,M
CRESCENTE,M
RENATO,M
JUANITO,M
JORGE,M
CLEMENTE,M
MENANDRO,M
MITZI,F
EDGAR,M
GABRIEL,M
ERROL,M
KENT,M
ISABELO,M
ARTHUR,M
JAMES,M
CESAR,M
REYNALDO,M
ROBERTO,M
DANILO,M
SAMUEL,M
ERDIO,M
NATHANIEL,M
BENIGNO,M
MELANIO,M
JOCELYN,F
ELSIE,F
FRANCISCO,M
ODON,M
ALEJO,M
QUIRINO,M
FAUSTINO,M
ROBERT,M
PEDRO,M
JUSTO,M
GEORGE,M
MICHAEL,M
MARLON,M
YVONNE,F
PRIMO,M
VICENTITO,M
MELVIN,M
CONSTANTE,M
ROGELIO,M
SALVADOR,M
JONEL,M
ALICIA,F
CONSTANCIO,M
WILSON,M
ROMEO,M
RODERICK,M
DOMINADOR,M
CAROLINE,F
JOSEPH,M
ARNEL,M
ELMER,M
FERNANDO,M
ROGER,M
ALEXANDER,M
PASTOR,M
VICTOR,M
BIENVENIDO,M
REX,M
JULIO,M
JULIUS,M
ARACELI,F
JOSE,M
EDWIN,M
GALEN,M
OSCAR,M
FELIX,M
MELCHOR,M
NESTOR,M
ALFREDO,M
AUGUSTUS,M
MODESTO,M
GUILLERMO,M
MARIANITO,M
GENEROSO,M
ANUNCIACION,F
ROMMEL,M
NOLASCO,M
MARIBEL,F
QUIRICO,M
REIZEL,F
FERDINAND,M
NORBERTO,M
DOMINGO,M
ED,M
ANTONIO,M
LINDA,F
LUCIANO,M
ANGELO,M
CORAZON,F
ESTEBAN,M
RONY,M
ALIPIO,M
VIRGILIO,M
AMANDA,F
EDISON,M
ISMAEL,M
GERVACIO,M
BOB,M
BARTOLOME,M
ELISEO,M
ELEUTERIO,M
MAGNO,M
RIZAL,M
CHARLES,M
ESPERIDION,M
LILIA,F
SAMSON,M
CESARIO,M
CARIDAD,F
NOEMI,F
GODOFREDO,M
GAUDENCIO,M
ELENA,F
MIGUEL,M
ANDRES,M
FILEMON,M
COSME,M
FLORO,M
EDILBERTO,M
IRENEO,M
PAUL,M
RIOLITA,F
ARNOLDO,M
LORENA,F
DELFIN,M
MA.,F
NOEL,M
RODRIGO,M
THADDEUS,M
GRACE,F
JOHNNY,M
ALFONSO,M
OSIAS,M
ERLINDA,F
CEASAR,M
GEMMA,F
REY,M
LEONARDO,M
ROMEL,M
ERNESTO,M
RUFINO,M
JOHNSON,M
LUIS,M
ALBERTO,M
ELMO,M
KULAPU,M
MOISES,M
ANICETO,M
HENRY,M
GILBERT,M
JACOB,M
GREGORIO,M
HILARIO,M
ARNOLD,M
SHERWIN,M
PRUDENCIO,M
SATURNINO,M
ROSE,F
OLGA,F
ARLYN,F
EMMANUEL,M
FREDDY,M
RANDY,M
ERWIN,M
CARLOS,M
AQUILES,M
RAUL,M
AMPARO,F
TIMOTEO,M
ORLANDO,M
CARMEN,F
DARIO,M
WENCESLAO,M
EDGARDO,M
EMMA,F
RAFAEL,M
MARGARITO,M
TEOFILO,M
ROSALINDA,F
IRVIN,M
JAIME,M
ULDARICO,M
CLIFFORD,M
LUCAS,M
LEMUEL,M
DANIEL,M
LEOPOLDO,M
SIMEON,M
JESUSA,F
MARIANO,M
AMANTE,M
ELIZABETH,F
LORENZO,M
CORNELIO,M
WILLY,M
JOSUE,M
ARMANDO,M
NORMAN,M
FLORENCIA,F
SOLOMON,M
PEDRITO,M
PABLO,M
RICHARD,M
RIZALINA,F
PROCESO,M
VINCENT,M
ANGELITO,M
VICENTE,M
CRISOSTOMO,M
FLORANTE,M
ROMULO,M
GERARDO,M
WARLITO,M
RESTITUTO,M
VICTORIO,M
BUENAVENTURA,M
EXPEDITO,M
VIOLETA,F
FRANCO,M
FLORENTINA,F
FIDEL,M
EDDIE,M
ESTRELLA,F
ANNELINE,F
DOUGLAS,M
GLICERIO,M
KRISTINE,F
ISIDRO,M
MILA,F
ARSENIO,M
CEFERINO,M
JOSEFINO,M
JOVITO,M
JOSELITO,M
TOMASITO,M
WILLIAM,M
GLENDA,F
TYRONE,M
MARIETA,F
ASUNCION,F
JOVITA,F
MAMERTO,M
BALTAZAR,M
RONNEL,M
LETICIA,F
GERONIMO,M
ELPIDIO,M
RUDOLFO,M
YOLANDA,F
RONALDO,M
ROQUE,M
PETER,M
ELISA,F
MARIA,F
AUDIE,M
HERMENIGILDO,M
GERMELINA,F
CRISOGONO,M
RICARDO,M
JOSEPHUS,M
TERESITA,F
ERIC,M
WILFREDO,M
ORENCIO,M
MARIVIC,F
FEDERICO,M
SALCEDO,M
WARTON,M
NATALIA,F
JOAQUIN,M
AL-FRED,M
EMILIANA,F
MERLYN,F
GARY,M
VIRGELIO,M
EDUARDO,M
EULOGIO,M
WILMAR,M
SILVERIO,M
AGRIPINA,F
ADORACION,F
CLYDE,M
ELORDE,M
FLORENTINO,M
ADELAIDA,F
MADONNA,F
HERMENEGILDO,M
ABRAHAM,M
DIOMEDES,M
ISAGANI,M
NONITO,M
MARINO,M
EMERENCIANA,F
REMIGIO,M
BELLARMIN,M
APOLINARIO,M
ALLAN,M
VALERIANO,M
SOTERO,M
LORNA,F
MAURICIO,M
CONRADO,M
ARTURO,M
ANGELITA,F
ROMERO,M
HORACIO,M
SEVERINO,M
DIOSDADO,M
LOWELL,M
ANTHONY,M
MONICO,M
PACITA,F
EDITHA,F
MARCELINA,F
CAYETANO,M
NICANOR,M
DANTE,M
LAZARO,M
ROSITA,F
HONORIO,M
NICKY,M
FELICISIMO,M
CATALINO,M
SIMON,M
TEODY,M
RIZALINO,M
DEFIN,M
HERNANI,M
RUFINA,F
CIRILO,M
CAROLYN,F
RYAN,M
JOJO,M
ALEGRIA,F
VICTORIANO,M
NAPOLEON,M
EDWARD,M
ALDRIN,M
EVANGELINE,F
DARLY,M
PORFERIO,M
JULITA,F
ROSELLER,M
GERRY,M
PHILIPP,M
ELADIO,M
ARTEMIO,M
BEATRIZ,F
OFELIA,F
CELSO,M
HANNIBAL,M
PANFILO,M
ALVARO,M
LEO,M
VICTORINO,M
AMADO,M
ENRICO,M
LEOCADIO,M
MYLVIN,M
LEONIDA,F
MYRNA,F
IGMEDIO,M
JEFFREY,M
JUN,M
LEONILA,F
CECILIO,M
GIL,M
ELIAS,M
GENARO,M
PONCIANO,M
LITO,M
CARMELITA,F
JEROME,M
AMELIA,F
BELEN,F
REUEL,M
ISRAEL,M
EUFEMIA,F
TEODORICO,M
ROY,M
MANNY,M
MELECIO,M
FREDDIE,M
FARAH,F
VLADIMIR,M
ALEX,M
RUPERTO,M
CHARLITO,M
LUZ,F
PEPITO,M
PRIMITIVO,M
SIMACO,M
MARK,M
CHERRIE,F
ELENO,M
PATRICIO,M
DARWIN,M
EDITH,F
DONALD,M
RANDALL,M
ARIEL,M
CARLITOS,M
SERVILLANO,M
OSMUNDO,M
ILDEFONSO,M
CANUTO,M
SOFRONIO,M
KIM,M
RAYMUND,M
JEREMY,M
HERMINIO,M
VERONICA,F
RAMIL,M
FILOMENA,F
MARCELINO,M
ADOLFO,M
MANUELITO,M
VIRGIE,F
LEONORA,F
ADELA,F
MARILOU,F
KELVIN,M
HARRY,M
LEON,M
ARMAND,M
JULIAN,M
JULIER,M
JACK,M
VOLTAIRE,M
LIBERATO,M
LIZA,F
MILDRED,F
RAGSAC,M
DAISY,F
MILTON,M
LEONCIO,M
DEBBIE,F
RUSTICO,M
FREDERICK,M
SERAFIN,M
CLARK,M
FELIPE,M
RUEL,M
BAYANI,M
ESTANISLAO,M
RAYMUNDO,M
JUSTINO,M
LADISLAO,M
LYDIA,F
LITA,F
ELY,M
DIONISIO,M
MINA,F
INOCENCIO,M
NATIVIDAD,F
SANTIAGO,M
DIONEIL,M
RAMONITO,M
LEILA,F
FLORENCIO,M
ROLAND,M
MONETTE,F
SUSIE,F
MERLO,M
ALAIN,M
LISANDRO,M
FRED,M
ABELARDO,M
ZENAIDA,F
DYNA,F
HAIDEE,F
AMADEO,M
ROSARY,F
HERODOTUS,M
NONATO,M
CENTENIELO,M
CHERYL,F
SUSAN,F
ARVIN,M
ANASTACIA,F
SERGIO,M
AUREA,F
ADRIANO,M
JERRY,M
SABAS,M
EUSEBIO,M
ANASTACIO,M
PAULINO,M
MERLITA,F
SEVERO,M
EMETERIO,M
MARCIAL,M
EDNA,F
RUDY,M
AURELIA,F
TEOFILA,F
HERMINIGILDO,M
PRECY,F
DEMETRIO,M
ENER,M
SABINO,M
MERLINA,F
SHALIMAR,F
RIA,F
REGINALD,M
JOSHUA,M
URBANO,M
GABINO,M
FLOREN,M
LICERIO,M
LLOYD,M
ANA,F
EDMUND,M
WINIFREDO,M
ESPERANZA,F
GINA,F
TOMAS,M
SOLFERINO,M
FREDELINO,M
MARVIN,M
MATTHEW,M
NOE,M
DOMINIC,M
EPIFANIO,M
REMA,F
ROSENDO,M
VICKY,F
LILIAN,F
MARCOS,M
GILBERTO,M
ANDREA,F
DIGNA,F
WASHINGTON,M
LYNDON,M
ADELINA,F
BENITO,M
LEONEL,M
RIMANDO,M
JOHNAS,M
BERNABE,M
GRACIANO,M
HERMAN,M
JEREMIAS,M
JOVEMAR,M
CARLO,M
CHRISTOPHER,M
REYMUNDO,M
JUSTINIANO,M
REYNALD,M
PLACIDO,M
MEYNARD,M
CRISTINA,F
ALICE,F
EMERSON,M
MARTIN,M
APOLONIO,M
RANDOLPH,M
ENGELBERT,M
JUDE,M
CALIXTO,M
JONAS,M
DAMIAN,M
ULYSSES,M
MEDARDO,M
AGUSTIN,M
CRISPULO,M
DAVID,M
HECTOR,M
LIBORIO,M
STEPHEN,M
HERMOGENES,M
CAESAR,M
AMELITA,F
ALVIN,M
ABEGAIL,F
AUGUSTO,M
CRESENCIO,M
CHARLITA,F
AYSON,M
MENARDO,M
JOSEPHINE,F
REYNANTE,M
PATRICK,M
JHONAS,M
CHARLIE,M
VENTURITO,M
OLEGARIO,M
HERCLEO,M
MARINA,F
VENTURA,M
NENITA,F
AMADOR,M
WALTER,M
EMELITO,M
LUISITO,M
MARLO,M
DELFINITO,M
HAROLD,M
EPIFANIA,F
NELLIE,F
GAYLORD,M
LELAMEN,F
VALENTINO,M
GERMAN,M
VICTORIA,F
ALMARIO,M
JUANCHO,M
IRENE,F
ANGELINA,F
DARYL,M
CLAUDIO,M
CANDIDO,M
RICARTE,M
MERCEDES,F
MARLENE,F
BENEDICT,M
SERVANDO,M
NICK,M
AVELINO,M
ARLITO,M
BLAS,M
RODEL,M
FLORIDO,M
BERNARDITO,M
ISABEL,F
BERNARDINO,M
NELIA,F
LOURDES,F
FROILAN,M
FELINO,M
DEAN,M
FLORITA,F
REMEDIOS,F
JONABEL,F
SANTY,M
EMILIANO,M
ARLAN,M
MARGARETTE,F
MIRIAM,F
ALBINO,M
PETERSON,M
SONNY,M
MATEO,M
RUTH,F
PROTACIO,M
HILARION,M
LEVI,M
VENANCIO,M
REMEGIO,M
JONIE,M
HORACE,M
FILMA,F
SAUL,M
LUCITO,M
MELITON,M
RACHEL,F
ROLDAN,M
LOLITO,M
JONALD,M
FELY,F
CLARITA,F
FILIPINA,F
TITO,M
NARCISO,M
CONCEPCION,F
LAURO,M
NILO,M
TIDONG,M
EMELITA,F
MARCIANO,M
POLICARPIO,M
LEONARD,M
WARLITA,F
WILLARD,M
ROGEL,M
MAY,F
BASILIO,M
ALEGRE,M
PERLA,F
NOLIE,M
EDRALIN,M
DIONICIO,M
GLORY,F
NELIANTO,M
ZALDY,M
MARA,F
DENIA,F
ZOSIMO,M
DAN,M
CONSUELO,F
ENRIQUE,M
JACINTO,M
REYDEE,M
ELBERT,M
MARILYN,F
HARVEY,M
GENE,M
ULPIANO,M
HIRAM,M
SHIELA,F
MAHALIA,F
EMILIA,F
JAYSON,M
CLARO,M
TRISTAN,M
MELITO,M
TEDDY,M
OLIVER,M
MYLENE,F
LUDOVICO,M
RENERIO,M
ARISTOTLE,M
JAKE,M
RODELIO,M
ANGEL,M
BILLY,M
HERNANDO,M
MAGTANGOL,M
EUGENIA,F
DONALDO,M
AVELINA,F
MANOLITO,M
MACARIO,M
HERCULES,M
ROBIN,M
LUCIO,M
KENNEDY,M
NORIELITO,M
AGAPITO,M
RIZALDY,M
LEANDRO,M
VAL,M
CIPRIANO,M
ALNER,M
PONCE,M
GINO,M
NICASIO,M
MELENCIO,M
JAYVIE,M
GLICERIA,F
AMBROSIO,M
ESTRELITA,F
DINDO,M
CEZAR,M
RAYMOND,M
DALISAY,F
GERTRUDES,F
ALAN,M
DONATO,M
SEGUNDO,M
FLORINIO,M
GERALD,M
GAUDIOSO,M
ARIES,M
GAVINO,M
CRESENCIANO,M
ENGRACIA,F
CONCHITA,F
ARNALDO,M
LEONILO,M
SHEILA,F
LEOVIGILDO,M
JANET,F
NOLLY,M
IGNACIO,M
THELMA,F
PACIFICO,M
RINO,M
GETULIO,M
RUSSEL,M
MIGUELITO,M
MARISA,F
LAMBERTO,M
RICO,M
ABUNDIO,M
EDMOND,M
HERNAN,M
VIVENCIO,M
RAOUL,M
AURORA,F
CARMENCITA,F
AMIE,F
ELISER,M
BENEDICTO,M
CINDERELLA,F
MUSSOLINI,M
ADELINO,M
PABLITO,M
FILOMENO,M
MERLINDA,F
AMANDO,M
LINO,M
RONNIE,M
ARSENIA,F
CLAUDIA,F
RAMIR,M
ELIGIO,M
LUNINGNING,F
QUINTIN,M
ANNABEL,F
DELIA,F
ROLLY,M
JOVENCIO,M
EUFRONIO,M
CELESTINO,M
CLARITO,M
CONSTANTINO,M
FERMIN,M
OLIVIA,F
FELIXBERTO,M
EUGENIO,M
RAFAELITO,M
DWIGHT,M
CASIANO,M
JULIETA,F
SONIA,F
GERARD,M
PASCUAL,M
LOIDA,F
RODNEY,M
NERITO,M
MARITES,F
MEL,M
ANSELMO,M
LOVELLA,F
CARMELO,M
WILLIE,M
JERICHO,M
TIRSO,M
MAXIMA,F
SANNY,M
GUILBERT,M
RIZALDE,M
CHONA,F
AMABLE,M
RAQUEL,F
FELMAR,M
PATERNO,M
ROBERTITO,M
HOMER,M
TERESITO,M
NOELITO,M
ERICSON,M
LAURENCE,M
ANACLETO,M
TRINA,F
MERLY,F
MARIE,F
FLORENDO,M
EXEQUIEL,M
DEXTER,M
LUDIVICO,M
MERLITO,M
BERNIE,M
REDENTOR,M
FELICIDAD,F
ELSA,F
ARCADIO,M
ESMERALDA,F
ROMANOEL,M
MARI,F
HOMOBONO,M
MERCEDITA,F
CAROLINA,F
CATALINA,F
ROWEL,M
NEMESIO,M
NEIL,M
ERLON,M
EMIL,M
HARMES,M
RONJIE,M
FLORA,F
ILUMINADO,M
ALELI,F
ESTELITA,F
LORETA,F
BRETT,M
ANITA,F
DOROTEO,M
NICOLAS,M
GREGORIA,F
FAUSTO,M
ARNULFO,M
ESMAIL,M
FELICIANO,M
DOMINGA,F
EDY,M
SAKLULU,M
MELBA,F
ALFRED,M
EULALIO,M
SENEN,M
CELSA,F
JURY,M
RESTY,M
LANIE,F
ISABELITA,F
GIGI,F
ROLEN,M
CYNTHIA,F
BELLA,F
BRIAN,M
LUGIL,M
ZORAIDA,F
IRWIN,M
ALDEN,M
ELVIS,M
ONESIMO,M
SEBASTIAN,M
NORIEL,M
REMO,M
RHYAN,M
ELOISA,F
RYANH,M
PRIMA,F
BRIGIDO,M
REXIO,M
LAARNI,F
SIXTO,M
OLIVA,F
FELIMON,M
ANDREO,M
GERALDINE,F
OSITA,F
CICERO,M
ROSA,F
LYDIO,M
AVIOR,M
ROWELL,M
LEONIDO,M
CRISTETA,F
ROSANO,M
DELFINA,F
APOLO,M
EDSON,M
MYLA,F
CRISOLOGO,M
CRISTOPHER,M
ANGELICA,F
ADRIAN,M
ENTIQUIO,M
GODFREY,M
ILDEBRANDO,M
RODELLO,M
MEYNARDO,M
BERNADETTE,F
REYNATO,M
ROUMEL,M
RAMEL,M
ANNA,F
ARMENIUS,M
LEOVINO,M
LIBRADO,M
SHARON,F
SEVERIANO,M
ELIZALDE,M
CRIS,M
ANALYN,F
ABEL,M
ELENITA,F
ARMIN,M
FRANCISCA,F
GRANDE,M
JOSEFA,F
HERBERT,M
MARIETTE,F
HUBERT,M
NORMITA,F
DAHLIA,F
MONTANO,M
HUBERTO,M
ROEL,M
DHINO,M
FULGENCIO,M
RENANTE,M
PERCIVAL,M
HAJJI,M
CARMELITO,M
LOPE,M
MONTE,M
NOLITO,M
REAGAN,M
FELIZARDO,M
RAULITO,M
RALPH,M
FLORENIO,M
JUNIO,M
SOFIA,F
ARLYNN,F
LOUISITO,M
PIO,M
ROSALIE,F
IVEE,F
LAUREANO,M
DAMASO,M
MARCUS,M
LAUREL,M
REDEN,M
CANDELARIA,F
BRUNO,M
SORIANO,M
WALFREDO,M
ELMARIO,M
NILA,F
LEIF,M
ERNANI,M
LUZVIMINDA,F
PURSINO,M
BUENAFRIDO,M
MANOLO,M
MAURO,M
LETTY,F
ELEAZAR,M
PROCOPIO,M
DARRYL,M
RIMMON,M
JACQUELINE,F
JOEY,M
TERESA,F
MATIAS,M
CELERINO,M
FIDELA,F
ERIBERTO,M
GENER,M
LEILANI,F
REYMAR,M
NESTORIO,M
ANTONINO,M
DENIS,M
KATHERINE,F
DELIO,M
BRYAN,M
NORLITO,M
LAUDEMER,M
PETRONIO,M
MARINEL,F
RHADAM,M
TEODORA,F
RHODORA,F
ANIANO,M
MARTE,M
MELLISA,F
ESMENIA,F
OBREN,M
CENON,M
ESTELITO,M
BENITA,F
MINERVA,F
ALDWIN,M
BOBBY,M
DIEGO,M
ELCHOR,M
ALADINO,M
RODANTE,M
CONSOLACION,F
YOLANDO,M
CASTOR,M
DEOGRACIAS,M
PETRONILO,M
SALOME,F
EL,M
FERNANDITO,M
ANGELA,F
RAMONCITO,M
JOAHNNES,M
APOLINAR,M
AQUILINO,M
ERLITO,M
NERISSA,F
LUCIA,F
WENIFREDO,M
PRESCILLANO,M
MAGSAYSAY,M
JOVENTINO,M
DARIUS,M
AILEEN,F
REYMAN,M
RONEL,M
RADEN,M
FELICITO,M
JENNIFER,F
HERNAND,M
WENDELL,M
EVELINDA,F
ROSAURO,M
MARGARITA,F
HAYDEE,F
JEFFERSON,M
VENERANDO,M
WENDA,F
ERNIDA,F
ARISTEO,M
CARINA,F
NOLY,M
PRISCILLA,F
GENATO,M
LOEL,M
LAWRENCE,M
EUFRACIO,M
NIXON,M
ARMINGOL,M
JANE,F
ROSS,M
ZOILO,M
GARRY,M
JARRY,M
SUSANO,M
ROMELITO,M
ARWIN,M
SANTOS,M
RESTITUTA,F
LERMA,F
GLEN,M
CERILO,M
RAPHAEL,M
LILIBETH,F
BIBIANO,M
ROLI,M
JOHANES,M
NIDA,F
JULITO,M
ABNER,M
VALERIO,M
CHERILIE,F
DICK,M
GIOVANNI,M
ERASMO,M
FELISA,F
RONIE,M
GERUNDIO,M
MONCHITO,M
MELANIE,F
BRENDA,F
RICKY,M
ADONIS,M
SOCRATES,M
MERCY,F
EUFEMIO,M
JEANALYN,F
LETECIA,F
AUGORIO,M
MELQUIADES,M
ODILON,M
NENA,F
SANCHO,M
OMAR,M
GONZALO,M
DIANO,M
ADELFA,F
SALVE,F
MARCEL,M
ANTERO,M
FRANK,M
ROSELLE,F
MADELAINE,F
ASELA,F
EMILY,F
BEN,M
GERYMAR,M
LEODEL,M
LEOVEGILDO,M
ARCEL,M
HIPOLITO,M
MIDEL,M
GEMINO,M
MARITA,F
SAILITO,M
TRIXIE,F
EMERITA,F
ANDERSON,M
CRISTOBAL,M
HASSAN,M
IRISH,F
JEROLD,M
THERESA,F
ROGENOR,M
CIELO,F
ROBELL,M
REDITO,M
ROSITO,M
CHITO,M
DIOLITO,M
REINHARD,M
RODULFO,M
FANNY,F
EULALIA,F
NINFA,F
FELICISIMA,F
REMELITO,M
ALFEO,M
MEDIN,M
NENITO,M
ROSIE,F
WINSTON,M
HERMES,M
RICAR,M
CLINT,M
MAC,M
ERNIE,M
LILLIAN,F
CAROL,F
JOVEN,M
ELNORA,F
DEMOCRITO,M
SALATIEL,M
LENY,F
REINARIO,M
DOROTHEA,F
DIONESIO,M
NONITA,F
VERNON,M
NILDA,F
ZACARINA,F
JOB,M
ISIDORO,M
GREG,M
PATRICIA,F
CLODUALDO,M
URSULA,F
TELESFORO,M
LUISA,F
SIDNEY,M
SALLY,F
DENNY,M
JOLY,M
ERICK,M
INOCENTES,M
DEXTERO,M
PLARIDEL,M
TADEO,M
MADELINE,F
LUCRECIA,F
WEBSTER,M
NERLI,F
APOLLO,M
DINO,M
CECIRON,M
FROLIBAR,M
ESEL,M
GIDEON,M
WILBERT,M
CASIMERO,M
JUNITO,M
ZACARIAS,M
ELMA,F
MELINDA,F
JOSSEL,M
JED,M
ELIZER,M
MAGNERICO,M
TEOPISTO,M
CASIMIRA,F
LILY,F
AMANCIO,M
PILAR,F
EDSEL,M
EDMAND,M
SILVESTRE,M
ASER,M
ANTOLIN,M
TONY,M
PROFETIZA,F
PATRIA,F
GASPAR,M
MAGDALENO,M
EDUARDSON,M
ALEJANDRE,M
EDITO,M
VIMOEL,M
SOTERA,F
PAQUITO,M
JOEMARIE,M
LINA,F
HERACLEO,M
FORTUNATO,M
BITO,M
RAMY,M
WILHELMINA,F
NONELON,M
ABDON,M
WELDIE,M
VIVIAN,F
WENEFREDO,M
JONIFER,M
PERSEUS,M
CLEO,M
KAREN,F
JEANNETTE,F
PATROCINIO,M
CRESENTE,M
CELIA,F
EROS,M
JOYCE,F
GEMINIANO,M
JETT,M
PEPE,M
GEEFRE,M
LARRIETTE,F
PELAGIO,M
SUZETTE,F
JUBER,M
MARICEL,F
JOVINO,M
TED,M
MERLIE,F
RONILO,M
JOEMAR,M
MILLIARD,M
BUTCH,M
BIENVENIDA,F
DALE,M
ROWENA,F
FATIMA,F
JULIENNE,F
NIEL,M
AMALIA,F
GALILEO,M
ABE,M
GIOVANI,M
LOLITA,F
JAFET,M
JOVI,M
FRAULIN,M
LIBERTY,F
JE,M
JEANNIE,F
JOE,M
ERVIN,M
NEPTALI,M
MURVE,M
LOUELLA,F
AGATON,M
EVELIO,M
AL,M
REYNOLD,M
NICHOLAS,M
SAMMUEL,M
LEAH,F
GALICANO,M
HERNANE,M
GUALBERTO,M
MACDOTING,M
GILDA,F
ESTER,F
CARMINIA,F
HERMILO,M
GEORGIANA,F
JEM,M
MARYJANE,F
ANNABELLE,F
ROMAR,M
JEANNA,F
CIRIACO,M
JIMMIE,M
JOSELINO,M
ANECITO,M
JULIA,F
WESLEY,M
BEETHOVEN,M
MILLER,M
VICTORIANA,F
JILSON,M
PHILLIPS,M
AGRIPINO,M
REMUS,M
AARON,M
MEDEL,M
ANDREI,M
SULPICIO,M
EMELIANO,M
DAGOHOY,M
MARNILOU,M
CONCORDIO,M
CECELIA,F
ESMERALDO,M
ASTERIO,M
VIDAL,M
DERWIN,M
SALVIO,M
NARLITO,M
LORD,M
WELSON,M
NECITO,M
PEREGRINO,M
MELINA,F
TEODULO,M
ZIP,M
DORIS,F
TEOFANES,M
CELESTINA,F
REGINO,M
RIZALITO,M
VITO,M
APOLINARIA,F
MILAN,M
MERIAM,F
SOLEDAD,F
HUMPHREY,M
LOUIS,M
ANN,F
ALEJANDRINO,M
METODIO,M
MANSUETO,M
EPHRAIM,M
TEOFISTO,M
TIBURCIO,M
ELEUTERIA,F
ROGERIO,M
PRISCILA,F
ESTHER,F
JESHA,F
CRESCENCIO,M
VENZENCIO,M
TESSIE,F
EPITACIO,M
MAXIMINO,M
SILVINO,M
JESSICA,F
NERIO,M
PAULO,M
PACIENTE,M
SALUSTIANO,M
EUTIQUIO,M
EUSTAQUIO,M
ISIDORE,M
FREDO,M
AILEE,F
VERNA,F
AZUCENA,F
MARIGLEN,F
FRUCTUOSO,M
ELVIN,M
ACE,M
DAVE,M
ELIEZER,M
GERALYN,F
FLORENDA,F
RANULFO,M
ALGERICO,M
MAXIMIANO,M
IRIS,F
BEVEN,M
SYLVAN,M
ARNOLFO,M
ELENITO,M
ARLEIGH,M
CONRADA,F
RAINERO,M
CASEY,M
CONCESA,F
THADEO,M
ELANITO,M
LYNETTE,F
MISAEL,M
VALDEMAR,M
LUZMINDA,F
CLEMENTINO,M
MERCURY,M
ELI,M
ERLINDO,M
FRITZ,M
JONNAH,M
ERICO,M
FROLINE,F
ELESIO,M
CANDIDA,F
LIONEL,M
LISSA,F
GAMALIEL,M
TORIBIO,M
ACHILLES,M
SABENIANO,M
RAY,M
ANTONIA,F
BENTHAM,M
MELVYN,M
MARICRU,F
EMARIE,M
NOMER,M
LENIN,M
WINGTON,M
CHARITA,F
CATHERINE,F
VALENTE,M
ALDIN,M
FELOMINA,F
CORNELIUS,M
STEVEN,M
ENOZARIO,M
CLARA,F
PEVE,F
ESTELA,F
KARL,M
CEDRIC,M
GENEROSA,F
MARIANNE,F
ARCHIE,M
FLORENITA,F
GEROLD,M
ORVILLE,M
DESIDERIO,M
VITALIANO,M
DEMOSTHENES,M
HOSPICIO,M
RODITO,M
EMERITO,M
MERLE,F
NELDA,F
ROSELYN,F
MYRA,F
RIO,M
FLORDELIZA,F
SHONNY,M
IÑIGO,M
FRITZIE,F
ANNALIZA,F
GORGONIO,M
HONORATO,M
NIEVES,F
SEPTEMIO,M
NITA,F
BAUTISTA,M
AGERICO,M
EZEKIEL,M
REUBEN,M
CELEDONIO,M
JAVIER,M
FRISCO,M
EILEEN,F
ATANACIO,M
JULIANA,F
MARC,M
BENONI,M
LUCITA,F
VIVENCIA,F
ARISTON,M
EDD,M
MARIETTA,F
ROBERTA,F
ANABELLA,F
MIGUELA,F
CRISTUTO,M
NARCISA,F
NORA,F
LUCENA,F
CLETO,M
JUL,M
PERLITO,M
RUDIN,M
EVANGELINA,F
OLYMPIA,F
VICENTA,F
JOSELEO,M
ANALIZA,F
LAURITO,M
EDITA,F
ALMAR,M
PROSPERO,M
MERVIN,M
BERNARDITA,F
ELEAZER,M
EGIDIO,M
TEOTIMO,M
PAZ,F
ENRIQUITO,M
FLOREPES,F
ELITO,M
RENIO,M
ARLY,M
NICETAS,F
LUCILO,M
ANACORITO,M
SARAH,F
BANJO,M
VIDA,F
ANTONIETO,M
MINDA,F
BRAULIO,M
REGINA,F
SANDRA,F
COEFREDO,M
HERMINIA,F
ART,M
PLACIDA,F
MELDRITO,M
JIM,M
DEO,M
ERDIE,M
MONINA,F
NUMERIANO,M
FABIAN,M
EMMELLY,F
HILARIETO,M
JUDITO,M
JAME,M
LANI,F
VERONICO,M
ABITO,M
WELFREDO,M
SIM,M
NATALIO,M
MALONEY,M
CLEMENTINA,F
OLIMPIO,M
ERALIN,F
VALENTIN,M
SHEFFERED,M
RUFO,M
CASTRENCE,M
GANI,M
DINA,F
JOVER,M
PATRI,F
PETE,M
APPLE,F
VISITACION,F
PATCHITO,M
JOELITO,M
ALFIE,M
ENRIQUITA,F
JENITO,M
PERLITA,F
EVAN,M
GUADALUPE,F
AUGUSTINES,M
WILMER,M
NORBI,M
JOMAR,M
ALONTO,M
BESS,F
ROSALIO,M
EMIR,M
ANECITA,F
ENRIQUIETA,F
BENNY,M
PUTI,M
ABDULBASIT,M
MUJAHID,M
GUILLERMA,F
RANEL,M
PERLY,M
ABUBAKAR,M
SUKARNO,M
IBRAHIM,M
ZACARIA,M
JEANETTE,F
FLORIANO,M
ROWE,M
VERGINITA,F
MARGIE,F
REGIDOR,M
BELMAN,M
ALI,M
FRANCISVIC,M
MAYCHEL,F
SAMMY,M
REMBERTO,M
ABDUSAID,M
DODELYN,F
REYMON,M
ANAM,M
HUSSIN,M
ABDULGANI,M
JOEPER,M
ABBAS,M
REYMOND,M
ABDURAUP,M
ABDULSALAM,M
ARDAN,M
RIC,M
SERVILLE,M
MYRON,M
EUTROPIO,M
RAYMON,M
MACMOD,M
RANILLO,M
VICENTICO,M
JACINTA,F
AUGUSTINE,M
CLIVE,M
WARLEO,M
JERSON,M
GORDON,M
ADAM,M
CESARIA,F
ALMER,M
RHEA,F
MARVE,F
HELENIO,M
NICODEMUS,M
NOLAN,M
ABDULLAH,M
USMAN,M
MAMA,M
MORENO,M
PROVIDENCIO,M
ROMELIE,M
MOHAMMAD,M
MASTURA,M
AGA,M
BERTRAND,M
RIMA,F
HARON,M
USODAN,M
JULIETO,M
JABER,M
RASOL,M
ACMAD,M
PANNY,M
MARIAM,F
ABDUL,M
LACSON,M
RASID,M
MALIK,M
NASSER,M
SARIPADA,M
CASANOR,M
MOTALIB,M
RONDA,M
RAIDA,F
PARUK,M
BASMALA,M
NORODIN,M
SOBO,M
ABDULWAHAB,M
ABDULAZIS,M
SAGUIRA,F
DARDAGAN,M
NELIETA,F
EDUARD,M
FERNAND,M
AGNE,M
AUGUST,M
CHARLOTTE,F
ERNEST,M
ALISON,M
JUANIDY,M
NOMAR,M
SIMPLICIA,F
BON,M
SUNNY,M
LEODEGARIO,M
MILO,M
EDEMAR,M
EVA,F
MONA,F
ALEXIS,M
BALDOMERO,M
ERLANDO,M
MICHELLE,F
MERALUNA,F
TEODULFO,M
NICANDRO,M
JABI,M
VEVENCIO,M
ELSON,M
ENERITO,M
CORA,F
ANDREW,M
WELLIE,M
BRENDON,M
RAVE,M
LILITH,F
IKE,M
CHIZARINA,F
ROLLIE,M
ISAAC,M
ALONA,F
ARSELUZMINDA,F
PATROCENIO,M
VALERIANA,F
ALBIN,M
JEORGE,M
NERI,M
PRESCILA,F
RUPRIO,M
RAMIE,M
ILUMINADA,F
WILDEAN,M
ROMANO,M
BERLITO,M
WILBERTO,M
JOSEF,M
JESS,M
MAJENCIO,M
LIEZEL,F
WILBUR,M
CAPISTRANO,M
ALVINO,M
NIÑO,M
LEONIGILDO,M
TAHA,M
ROSALIA,F
JIMSON,M
ROSALINO,M
ANATHY,F
HERLO,M
DATUAN,M
JABIB,M
FLORENITO,M
ADELWISA,F
SUMULONG,M
FAISAL,M
MELHAN,M
AKMAD,M
CLAIRE,F
MUSLIMIN,M
JAPAL,M
ANWAR,M
VIC,M
AMELITO,M
CRISPINIANO,M
AYOB,M
TONGCO,M
PAULITO,M
ARMAN,M
AGUINALDO,M
CRISTITO,M
SHIRLYN,F
ELIAZAR,M
PINKY,F
DIBU,M
MIKE,M
RELLY,M
ANADEL,M
DARLYN,F
MELODY,F
ROGIE,M
HADJA,F
JORDAN,M
PENDATUN,M
KAMID,M
DATU,M
SALI,M
GENOVEVA,F
IRMA,F
CASIMIRO,M
JEJOMAR,M
MONIQUE,F
KEVIN,M
JERIC,M
DONN,M
DIORELLA,F
EDCEL,M
KATE,F
MARICAR,F
TOBIAS,M
EUNICE,F
ALADIN,M
RAMSEY,M
LYSANDER,M
JODEL,M
PHILBERT,M
AMORSOLO,M
BENIDO,M
EXCEL,M
GARDE,M
JEANA,F
CRISTETO,M
VALDEZ,M
INGRID,F
VERNIE,M
EDMAR,M
GIRLIE,F
SEDOLITO,M
ROOSEVELT,M
BETTY,F
MARSON,M
ROCKY,M
MAYO,M
AUREIANA,F
SABADO,M
CLARENCE,M
JACKSON,M
MOSES,M
MAURA,F
CEASARIO,M
THEODORE,M
ROSALINA,F
ALFREDA,F
RAINIER,M
CARIÑO,M
JUPITER,M
CONSTITO,M
AJID,M
AHMAD,M
SAID,M
KASIM,M
ABDULMAJID,M
MARWAN,M
IBNO,M
ABDULNASSER,M
DURIE,M
MURUWA,F
SAMIR,M
ABDULSAMAD,M
PAISAL,M
ANSARI,M
CAMAL,M
AMER,M
NASRODIN,M
ANUAR,M
RACMA,F
SALMA,F
SOLAIMAN,M
ANSARY,M
CASAN,M
OMBRA,M
MIA,F
TAHER,M
MISUG,M
ROHAINA,F
MACAPADO,M
JALILAH,F
NORAISA,F
ABUBACAR,M
SAIDAR,M
CALIL,M
TALIB,M
MUSTAPHA,M
JAMALODEN,M
SALAM,M
ALINADER,M
MOAMAR,M
SAIDAMEN,M
MOHAIMEN,M
AMINODEN,M
ABOLAIS,M
SORAIDA,F
NORAIDA,F
DAGOROAN,M
ABDULHAMID,M
YUSOPH,M
JAMAL,M
HAKIM,M
NASIF,M
MUSA,M
ABDANI,M
AMRON,M
ALIODEN,M
ANOWAR,M
CAIRODEN,M
ABDULHAKIM,M
MAUYAG,M
KHALID,M
ABULKHAIR,M
SAMSODIN,M
SADAT,M
ALIBASHER,M
AMERODIN,M
LANGCO,M
PALAWAN,M
COCOY,M
SATAR,M
MALIC,M
MANSAWI,M
AMENODIN,M
ADNAN,M
GAMBAI,M
TAYA,M
NORHATA,F
BASHER,M
ELVINO,M
CLIFF,M
RASUL,M
ZAINODIN,M
SURAIDA,F
ABDULKARIM,M
HASHIM,M
FAIZAL,M
USOP,M
ESMAEL,M
BAI,F
MOHIDIN,M
SOPHIA,F
TAHIR,M
GENUINE,M
SAUDI,M
ZAINUDIN,M
MIDPANTAO,M
TUNGKANG,M
EBRAHIM,M
SINGTAON,M
SALABAN,M
RAHIEMA,F
MOH.,M
ABDULRAHMAN,M
SUWAIB,M
RASHID,M
BADRODIN,M
SALIK,M
DAUD,M
ABDILLAH,M
BRAHIM,M
MANDO,M
GALIB,M
MUSSAH,F
ALKRAMER,M
ABDURAHMAN,M
JAMAR,M
JAAFAR,M
PANDO,M
SUHARTO,M
SALIM,M
ALAH,M
MUNIB,M
ABDULHALIK,M
ALIH,M
MADJURI,M
HARUN,M
MADZHAR,M
JACKARIA,M
ANTON,M
TUTUH,M
BASIR,M
BERHAM,M
YUSOP,M
EMELYN,F
AMILHAMJA,M
HAJAN,M
JAMIL,M
HUSIN,M
ABDULHAIR,M
HUSNA,F
EDZFAR,M
YSHMAEL,M
CARL,M
NURBERT,M
ABDULPATTA,M
PUTLI,F
NAUFAL,M
ELAINE,F
TIBLAN,M
MICHAIL,M
LEONARDA,F
LAURA,F
PHILLIP,M
NANCY,F
ASFORAS,M
LORELIE,F
RITA,F
EDELBERTO,M
ROBINSON,M
AGUSANI,M
ARCELITO,M
IRENEA,F
JOHNMARK,M
RON,M
ESTERLINA,F
COLUMBANO,M
HONESTO,M
GWENDOLYN,F
PETNEL,M
EDELYN,F
CHANDRU,M
PRETSY,M
ABSALON,M
RONITO,M
ZITA,F
DESIDERIA,F
REMELITA,F
PRESCILLA,F
MELVA,F
PRINCE,M
FELISBERTO,M
FLORECITA,F
REPARATO,M
CONRAD,M
GUARDIANO,M
CARLOSITO,M
ERMA,F
FLORIDA,F
FREDESWINDO,M
SOFRONIA,F
RITO,M
BIMBO,M
DONELL,M
ALOYSIUS,M
RAMILO,M
YUDEL,M
FLORITO,M
POLICARPO,M
WILLIARD,M
YASMIN,F
BARBARA,F
MABELLE,F
OCTAVIO,M
ERNILO,M
FLORIAN,M
DUNHILL,M
MAE,F
AMIR,M
GRACIA,F
DOLOR,F
IBANDIO,M
SUE,F
ALONZO,M
CESAREO,M
TOMMY,M
AJERICO,M
YSTAN,M
RANDOLF,M
RUDOLPH,M
MARSITO,M
ARSANI,M
ERMAR,M
IMEE,F
ATHENA,F
LUCY,F
JOEFFREY,M
ANDRY,M
DENISA,F
RAMER,M
DIVEN,M
BRYANT,M
MELBEN,M
OLYMPIO,M
DINAH,F
QUINTO,M
EGDON,M
FRUTO,M
WINDELL,M
ZURIEL,M
VON,M
VILMER,M
BAYLON,M
KIRYLL,M
MATHEW,M
MAYBELLE,F
REINA,F
FLAVIANO,M
DAKILA,M
SHIERWIN,M
JOSELLER,M
PEARL,F
RECTO,M
SILAS,M
HAMILCAR,M
ARZE,F
SELWYN,M
LICURGO,M
MARIANT,F
CYRUS,M
J.,M
LESMES,M
ROWIL,M
HARRIS,M
DAYLINDA,F
ELDWIN,M
LALAINE,F
ARGENITO,M
DELLO,M
PEDRITA,F
GELACIO,M
RAMONA,F
FARIDA,F
VAN,M
LIMUEL,M
ELIORDO,M
DARDANILO,M
TOLENTINO,M
MAILAH,F
LUKE,M
MOUMAR,M
TAIB,M
MAMINTAL,M
ASNAWI,M
RENIL,M
AQUINO,M
ALFELITO,M
SALIMAR,M
ARNAN,M
DERRICK,M
HAIDE,F
NUMERO,M
VERGEL,M
FRANKIE,M
IYO,M
DOROTHY,F
KATHLEEN,F
MICHAELA,F
HANS,M
EMAN,M
JUMEL,M
MARCO,M
BILL,M
DIONE,M
ALANO,M
ADORA,F
CHESTER,M
GREGORY,M
RALDIS,M
FELICITAS,F
GERALDO,M
ALWYN,M
DENTON,M
DERICK,M
MARIOLITO,M
ELOY,M
ALADINE,M
PAOLO,M
DODJIE,M
OWEN,M
RHANDY,M
PAULITA,F
PAULA,F
ENCARNITA,F
ANGELIE,F
ERWINA,F
ROBEN,M
HELSON,M
BRENDO,M
CELIAFLOR,F
RHODA,F
RAFFY,M
HEIDEE,F
CROMWELL,M
WILHELM,M
MARIÑO,M
JONUMER,M
JHON,M
KARLOS,M
JOSERES,M
VICI,M
LEOMAR,M
BENSON,M
TROY,M
MAXILINDO,M
SILVANO,M
MYRLEN,F
JANETTE,F
MARSHAL,M
LOVIER,M
JOSEMARIE,M
VEDASTO,M
ATILANO,M
LUCKY,M
DAVIS,M
TERENCE,M
CHARMAINE,F
DELBERT,M
DEMETRIA,F
RICHMOND,M
LORDAN,M
ROMNER,M
MARICHU,F
VIANCA,F
FLOYD,M
JOHANNES,M
CZARINA,F
JEFF,M
ANNALYN,F
THERESE,F
ALLANE,M
ANIKA,F
MARIUS,M
ARI,M
WINCHINO,M
MAYNARD,M
ARLAND,M
JEDALYN,F
EDMON,M
ROANNE,F
SAJID,M
ARLON,M
YAYADIN,M
NARDO,M
JANIUS,M
REGIE,M
ROLEX,M
NILFREDO,M
DEOVIC,M
JAY-AR,M
TRINIDAD,F
CINDY,F
PHLONEL,F
LOUEL,M
MAURITO,M
DON,M
LEEANNE,F
MARTY,M
MAMERTA,F
TERRYL,F
VIPOPS,M
CIELYN,F
EDERLINDA,F
ROEHL,M
AMERICO,M
ELTON,M
GEMSON,M
KATRINA,F
DIANNE,F
ISHMAEL,M
DULCE,F
BREDERICK,M
MIRASOL,F
ELMAR,M
RODIL,M
SHUAIB,M
ROSALITO,M
STEVE,M
JUHAD,M
DELMA,F
BEMBOY,M
LUPO,M
BODIT,M
NANETTE,F
ASHER,M
JERWIN,M
DJOANNA,F
MELISSA,F
JANICE,F
SIEGFREDO,M
JUNARD,M
GILMAR,M
MAUREEN,F
JOSEVAN,M
ELLA,F
RELAN,M
ALITO,M
MARIJEAN,F
ERNA,F
STANLEY,M
QUEZON,M
JOEVEN,M
ROWEN,M
MAXFIL,M
MAGDALINA,F
FAITH,F
JOHNNYFLORES,M
GRAHAM,M
CARLA,F
STELLA,F
ALONSO,M
MATT,M
REYNOR,M
WILANE,F
LIECEL,F
MARVIGRACE,F
ROCHIN,M
JOBERT,M
ELPEDIO,M
BARRY,M
NEHEMIAH,M
ADELO,M
CRISTITA,F
SYLVIA,F
JESCELO,M
GUMERSINDO,M
TESALONICA,F
NADOR,M
ANNE,F
BEBIANO,M
NOMIE,M
BELINDA,F
NICEPURO,M
RITCHIE,M
TESSA,F
SUN,M
RAJIV,M
OTHELLO,M
DERVIN,M
VIDALA,F
ITHAMAR,M
WOODROW,M
JEREMIAH,M
ENIEGO,M
HOWARD,M
AMY,F
EMELIA,F
BERTOLDO,M
RUSTY,M
KIT,M
GLENSON,M
ORPHEUS,M
ROSILA,F
HERACLIO,M
ROUBEL,M
JUSTINA,F
MESIAS,M
DESIREE,F
RENY,M
CLARISSA,F
BELARMINO,M
DECOROSO,M
DEODATO,M
FEDDIE,M
MELANIA,F
SHIRLITA,F
ALRICO,M
AIDAROZ,M
PRAXIDES,M
RUSSELL,M
RIZA,F
CRISTIFLOR,M
ZANDRO,M
RANDIE,M
ABDULSAID,M
WILTER,M
ALVAREZ,M
JANIE,M
IVAN,M
STEWART,M
JERLY,M
RAJAH,M
JONARD,M
KAISER,M
SALIC,M
HANIFA,F
YASSER,M
RACHELLE,F
LANTO,M
FAROUK,M
MACAPAGAL,M
YUNOS,M
ACHMAD,M
BADELLES,M
SALIE,M
LENARD,M
JUNIPHER,M
HANEYA,F
KIMBERLY,F
NOVA,F
ROSANNE,F
EMILOU,F
RAEM,M
SABINIANO,M
AGOSTO,M
KEN,M
LORIMER,M
JURIC,M
MARLITO,M
JUNAR,M
DONNA,F
JANREY,M
JANNET,F
QUIRINA,F
KARLO,M
DONNABEL,F
JO-ANN,F
MAX,M
ADELAN,M
VILIE,M
CENEN,M
APRONIANO,M
RICHELLE,F
ALBERTA,F
FREDRICK,M
RAMUEL,M
REMIGIUS,M
JOFFREY,M
JONALETTE,F
JERALD,M
AMIRH,M
TAUTIN,M
MONIB,M
MHARK,M
MERIS,M
GAMAL,M
ABSAR,M
ABDULSUHUD,M
BASIT,M
BASER,M
GAMAR,M
LENNIE,F
NURULLAJI,M
JHABER,M
ABDULLA,M
HABIB,M
ALIMODEN,M
KING,M
SOWAIB,M
WAHID,M
ASHARY,M
AL-RASHID,M
SHAINOLLAH,M
JOHARY,M
NOR-AIN,F
MANGONDAYA,M
FAHAD,M
LUMNA,M
JABBER,M
JAMAEL,M
AMANODEN,M
COSAIN,M
ALINOR,M
GUIAMAL,M
ABEDIN,M
DATUDIDO,M
ABAS,M
JULHANI,M
ABDULMIER,M
AHMED,M
ALLAYON,M
ASRI,M
AMIL,M
HATTA,M
RAKIB,M
NASIRIN,M
KABIR,M
SITTI,F
RADZMA,F
WAHAB,M
SERBIN,M
HAJIJA,F
KIRK,M
NIEVA,F
SYMOND,M
DOANDRE,M
JORVIE,M
NIMFA,F
FLOREFEL,M
LUCILLE,F
ROMEN,M
RODELITO,M
EUFRACITO,M
FELIXBERTA,F
WINNOCO,M
WILHELMINO,M
PORFIRIO,M
EMIGDIO,M
HUMERLITO,M
BRANDO,M
JONAH,M
PAMELA,F
CHARINA,F
NEL,M
JAMON,M
DEBORAH,F
JURDIN,M
WAYNE,M
PRINCESS,F
CANDU,M
ABDULATIP,M
MUNAP,M
ARSAD,M
AISHA,F
ABDUSAKUR,M
KHALIL,M
NUR-AMIN,M
ABDULBAKI,M
MASHUR,M
GULAM,M
MUCTAR,M
HASSANOR,M
NHAZRUDDIN,M
RADZAK,M
NASSIF,M
JAMEL,M
OMAIR,M
MOHAMAD,M
ABDULJABBAR,M
KHALIDA,F
MESRON,M
NADJA,F
JABBAR,M
SAIPODEN,M
ALBER,M
ARAFAT,M
SALIPADA,M
NASRUDIN,M
ANISA,F
TAHIRODIN,M
MAHIR,M
OHTO,M
SAIDALI,M
"RAYMUNDO,",M
RAMDATU,M
ABDULRAHIM,M
"RAMON,",M
LIMTAJAR,M
ABDURAJIK,M
JASPER,M
JEHAN,F
NUR,M
NATHAN,M
CONCESO,M
CLEOFAS,F
"SANTIAGO,",M
"AGUSTIN,",M
RODILLO,M
ANICETA,F
KRISTIAN,M
JANETH,F
MCLEEN,M
"REYNALDO,",M
"DANIEL,",M
"ALBERTO,",M
"FRANCISCO,",M
ULYSIS,M
"BENJAMIN,",M
"JOSE,",M
"ROGELIO,",M
"ALFONSO,",M
GUIA,F
"FLORENCIO,",M
"FIDEL,",M
"ANSELMO,",M
"RAFAEL,",M
"ROMEO,",M
"FLORENTINO,",M
RESTIE,M
"GREGORIO,",M
"ROMULO,",M
"FELIX,",M
"ERNESTO,",M
"FEDERICO,",M
JAYPEE,M
EVARISTO,M
"TEODORO,",M
"BIENVENIDO,",M
GINES,M
MELCHIE,M
GENITO,M
"VICENTE,",M
"ARTEMIO,",M
CHARLYN,F
"ROBERTO,",M
RINA,F
"BERNARDO,",M
HENRICH,M
"ALEJANDRO,",M
"JULIAN,",M
MEDELDORF,M
GLADYS,F
ROFEL,M
SHELLA,F
"BONIFACIO,",M
"PACIFICO,",M
MA,F
"ANGEL,",M
"MARCELINO,",M
"MARIO,",M
"FLORO,",M
"EDGARDO,",M
JEMAIMA,F
KRISTELLE,F
"ALEXANDER,",M
"ANTONIO,",M
"MARIANO,",M
"FELIPE,",M
"FERNANDO,",M
"RODRIGO,",M
SAULO,M
"SAMUEL,",M
"ROQUE,",M
"ARTURO,",M
EMELIO,M
"EMMANUEL,",M
"ALFREDO,",M
"RUBEN,",M
"EDUARDO,",M
"ELPIDIO,",M
"OSCAR,",M
DARYLL,M
"CARLOS,",M
ROMER,M
"DOMINGO,",M
"JESUS,",M
LADIE,M
REDFORD,M
"RENATO,",M
JERICK,M
"ARMANDO,",M
"MAXIMO,",M
"ENRIQUE,",M
"ORLANDO,",M
"TOMAS,",M
NICHOLI,M
CHERYLL,F
JOHNY,M
NERLITA,F
"ADOLFO,",M
JUDITAS,F
"DAVID,",M
"CESAR,",M
"LORENZO,",M
CHARLTON,M
"EUGENIO,",M
KATHRINA,F
ALDO,M
"ANGELITO,",M
"JOAQUIN,",M
CRISPINA,F
SHERWYN,M
RONELIO,M
JOHANNA,F
"RODOLFO,",M
WAREN,M
RONELIE,F
NORBERT,M
BABYLYN,F
"ZOSIMO,",M
ABIGAIL,F
JOANNA,F
"EFREN,",M
"BASILIO,",M
"DANILO,",M
JOBBY,M
STEPHANIE,F
"IGNACIO,",M
"PATRICIO,",M
MYLYN,F
ANNETTE,F
VINCE,M
"LEONARDO,",M
REINHART,M
"NEMESIO,",M
MARIBETH,F
EDWINA,F
JESUSITO,M
XAVIER,M
KRISTAN,M
"WILFREDO,",M
SERGIE,M
MADONA,F
DENVER,M
KERBY,M
SHERNAN,M
"SALVADOR,",M
"ISIDRO,",M
PEEWEE,M
WENDEL,M
ARRANTLEE,M
REXON,M
QUEEN,F
"SERAFIN,",M
"PORFERIO,",M
"ROLANDO,",M
SHIERRE,F
ERSON,M
"JUAN,",M
CHERRYL,F
ASIAN,M
MEDWIN,M
HERMOSO,M
"MANUEL,",M
MARIAFE,F
LOIJORGE,M
KENYO,M
JEGGER,M
MOMAR,M
BERNALDO,M
MOHIDEN,M
KRISTOFFER,M
JOHNRIEL,M
JONAM,M
MEDEN,F
JUNJUN,M
BRICCIO,M
GENY,F
JESON,M
"RUDY,",M
JANINE,F
FEMY,F
APRIL,F
JON,M
JEOLITO,M
DALMACIO,M
JUNNEL,M
ARMINDA,F
LUBEN,M
PARLY,M
"ELEUTERIO,",M
JESRY,M
LIMWEL,M
ARIS,M
NED,M
JEFRE,M
"GERARDO,",M
SISINIO,M
SATURNINA,F
DANIELO,M
NEMIA,F
ELVI,M
NICOLE,F
MARYLOU,F
ROSELITO,M
ROMNICK,M
CRISANTA,F
BLESILDA,F
EUGENIANO,M
JAIRO,M
RONNAN,M
BURT,M
CHEERYL,F
REINBERT,M
DAWN,F
RENIER,M
STEPHANY,F
"PEDRO,",M
ARBEN,M
JETHRO,M
ELVERO,M
ENRIQUETO,M
FARRAH,F
VERGITO,M
VIRGILIA,F
JOANNE,F
ALFONS,M
ARCHER,M
JALIL,M
CHRISTY,F
DELINO,M
MASIDING,M
EVERTO,M
ULWAN,M
CAMALODEN,M
DONJIE,M
JESSA,F
RIEL,M
JEFFRY,M
SYREMAE,F
LARIE,M
OSMENIO,M
JONNIE,M
BRADLY,M
BONSO,M
JOMARIE,M
DARLENE,F
ANDRO,M
TIMEE,F
MISUARI,M
BOCARI,M
DARREN,M
LOVELY,F
PHOEBE,F
NIELO,M
BYRON,M
EMMYLOU,F
AIRENE,F
MARITESS,F
CHARISSE,F
PRECIOUS,F
GIAN,M
DARREL,M
GRADY,M
JIMUEL,M
ERIK,M
ORLAN,M
VIOLA,F
ABENCIO,M
KERVIN,M
JOEFREY,M
SHERYLL,F
GRAZIELLE,F
JEZEBEL,F
WENDY,F
FINA,F
MONALIZA,F
GEOFFREY,M
RESURECCION,F
TIMOTHY,M
RENAN,M
LADY,F
RONA,F
AMOS,M
VENER,M
EUFROCINO,M
CLAUDE,M
ALYSSA,F
JAYVEE,M
JERICO,M
JUSTIN,M
REYNAN,M
RUBI,F
ERIKA,F
MIKO,M
MC,M
HAYDIE,F
JOVEL,M
ARGIE,M
CARLOMAGNO,M
MARJUN,M
RUBILYN,F
AIZA,F
LIEZL,F
RENZ,M
GENEVIVE,F
MARBEN,M
ALLAIN,M
KRISTEL,F
ROLAN,M
CARMELINO,M
LYN,F
MYLAH,F
JONNY,M
RHODESSA,F
VANESSA,F
GIOVANNE,M
ANGIE,F
JESUSIMO,M
GLECERIO,M
JANN,M
JHONNY,M
JOYLEEN,F
SAIBEN,M
NORANIA,F
FARLEY,M
JOHARI,M
LYRA,F
BENJAR,M
MARIEL,F
YAHIYA,M
EDRES,M
HAROUN,M
HAMZA,M
NADIA,F
SALMAN,M
NORHAYA,F
SADDAM,M
ABDULRADZAK,M
CHRISTINA,F
THONG,M
AMINA,F
GUINAID,M
NORHAINA,F
KADAPI,M
MONER,M
AIMAN,M
ELDISIN,M
ELGIN,M
ABDEL,M
ARTH,M
DAX,M
KARISSA,F
ROXANNE,F
ASLANI,M
JALANI,M
MOHAMIDEN,M
NURHAN,M
DENRASHER,M
DENISE,F
GUILLER,M
JOVELYN,F
ASHLEY,M
GEORGINA,F
JUVENAL,M
"JR.,",M
PAULINE,F
REGALADO,M
REYNOSO,M
MIRA,F
NIÑA,F
KARINA,F
AINA,F
NIKKO,M
BERNADETH,F
PIA,F
INA,F
FIDELITO,M
ELEGIO,M
GOMER,M
ROLLAND,M
ERICKSON,M
ARCHIMEDES,M
ALDE,M
JABAR,M
RONIL,M
BOYET,M
LUTHER,M
BENEDICTA,F
SIR,M
ROMINA,F
