Given,Sex
2AN,M
989RAUL,M
A,M
AAA,M
AALIIT,F
AARON,M
AB,M
ABADIA,M
ABAS,M
ABAY,M
ABAYDAN,M
ABBAS,M
ABBENG,M
ABBIE,F
ABBY,F
ABDANI,M
ABDANY,M
ABDEL,M
ABDELAZIZ,M
ABDELNASSER,M
ABDILA,M
ABDILAH,M
ABDILLAH,M
ABDIN,M
ABDON,M
ABDUA,M
ABDUHASAN,M
ABDUL,M
ABDULA,M
ABDULATIP,M
ABDULAZIS,M
ABDULAZIZ,M
ABDULBAKI,M
ABDULBASHET,M
ABDULBASIK,M
ABDULBASIT,M
ABDULBAYAN,M
ABDULCASAD,M
ABDULGAFOR,M
ABDULGAFUR,M
ABDULGANI,M
ABDULHABIR,M
ABDULHAIR,M
ABDULHAKIM,M
ABDULHALEYM,M
ABDULHALIK,M
ABDULHALIM,M
ABDULHAMID,M
ABDULHAN,M
ABDULHANI,M
ABDULHARIKAN,M
ABDULJABBAR,M
ABDULJALAL,M
ABDULJAMIL,M
ABDULKARIM,M
ABDULLA,M
ABDULLAH,M
ABDULLATIF,M
ABDULMAJID,M
ABDULMALIK,M
ABDULMANAP,M
ABDULMASER,M
ABDULMIER,M
ABDULMOBIN,M
ABDULMOHAIMEN,M
ABDULMOIZ,M
ABDULMUDIL,M
ABDULMUHAM,M
ABDULMUHMIN,M
ABDULNAIM,M
ABDULNASSER,M
ABDULPATTA,M
ABDULRACMAN,M
ABDULRADZAK,M
ABDULRAHIM,M
ABDULRAHMAN,M
ABDULRAKMAN,M
ABDULRASHID,M
ABDULRHADAM,M
ABDULSAID,M
ABDULSALAM,M
ABDULSALI,M
ABDULSAMAD,M
ABDULSUCOR,M
ABDULSUHUD,M
ABDULWAHAB,M
ABDULWAHID,M
ABDULWAKIL,M
ABDULYASER,M
ABDUN,M
ABDURADZMEZER,M
ABDURAHMAN,M
ABDURAJAK,M
ABDURAJIK,M
ABDURAKIB,M
ABDURAKMAN,M
ABDURASAN,M
ABDURASHI,M
ABDURASUL,M
ABDURAUF,M
ABDURAUP,M
ABDUSAID,M
ABDUSAKUR,M
ABDUSUIL,M
ABE,M
ABEDIN,M
ABEGAIL,F
ABEL,M
ABELARDO,M
ABELEON,M
ABELOSA,M
ABENCIO,M
ABENRASHEED,M
ABET,M
ABIAR,M
ABIDIN,M
ABIGAIL,F
ABINAL,M
ABITO,M
ABNER,M
ABO,M
ABOGADO,M
ABOLAIS,M
ABOY,M
ABRAHAM,M
ABRAW,M
ABS,M
ABSALON,M
ABSAR,M
ABUBACAR,M
ABUBAKAR,M
ABUBASHAR,M
ABUBAZAR,M
ABUEL,M
ABUK,M
ABULKHAIR,M
ABUNDIO,M
ABUSADDAM,M
ABUWALID,M
AC,M
ACAY,M
ACCOUNTANT,M
ACE,M
ACEAL,M
ACER,M
ACEVON,M
ACHILLES,M
ACHILLEUS,M
ACHMAD,M
ACIERTO,M
ACMAD,M
ACMALI,M
ACNAM,F
ACOB,M
AD,M
ADA,F
ADAM,M
ADAMSON,M
ADAN,M
ADAS,M
ADAUCTA,F
ADDIE,M
ADDRE,M
ADELA,F
ADELAIDA,F
ADELAIDO,M
ADELAN,M
ADELFA,F
ADELINA,F
ADELINE,F
ADELINO,M
ADELIO,M
ADELO,M
ADELWISA,F
ADER,M
ADET,F
ADI,M
ADIH,M
ADING,M
ADINOLA,M
ADJID,M
ADJIE,F
ADLOY,M
ADMIN,M
ADNAN,M
ADO,M
ADOBO,M
ADOLF,M
ADOLFO,M
ADOLPH,M
ADONG,M
ADONIS,M
ADONNA,F
ADOP,M
ADOR,M
ADORA,F
ADORACION,F
ADORLITO,M
ADOY,M
ADRIAN,M
ADRIANA,F
ADRIANO,M
ADRIEL,M
ADRIEN,M
ADRIO,M
ADRONICO,M
ADRYAN,M
ADUL,M
ADULF,M
ADVIENTO,M
ADVINCULA,M
ADZHAR,M
ADZMER,M
ADZNAN,M
ADZRIE,M
AGA,M
AGAH,M
AGAPITA,F
AGAPITO,M
AGARDO,M
AGATON,M
AGERICO,M
AGHMAR,M
AGI,M
AGIE,M
AGNE,M
AGNES,F
AGO,M
AGONG,M
AGOSTO,M
AGRIFINA,F
AGRIPINA,F
AGRIPINO,M
AGUEDO,M
AGUINALDO,M
AGUSANI,M
AGUSTIN,M
AGUSTINA,F
AGUSTO,M
AHIYA,M
AHMAD,M
AHMADIN,M
AHMED,M
AHONG,M
AHSAN,M
AHYAR,M
AIAI,F
AICO,M
AIDA,F
AIDAH,F
AIDAROZ,M
AIDEL,M
AIKA,F
AIKEN,M
AIKO,F
AILEE,F
AILEEN,F
AILENE,F
AILYN,F
AIMAN,M
AIMOND,M
AINA,F
AINUN,F
AIRA,F
AIRENE,F
AIRIES,F
AIRINA,F
AISA,F
AISAH,F
AISHA,F
AISLINN,F
AIVEE,F
AIZA,F
AIZEL,F
AIZNER,M
AJERICO,M
AJID,M
AKAM,M
AKAS,M
AKBAR,M
AKEL,F
AKELLY,M
AKIL,M
AKIM,M
AKIMA,F
AKING,M
AKIRA,M
AKJAL,M
AKMAD,M
AKMADHAN,M
AKMID,M
AKOY,M
AL,M
ALADDIN,M
ALADIN,M
ALADINE,M
ALADINO,M
ALAH,M
ALAIN,M
ALAL,M
ALAMADA,M
ALAMADO,M
ALAMER,M
ALAN,M
ALANBEN,M
ALANO,M
ALASA,M
ALAYNNA,F
ALBAKIL,M
ALBAN,M
ALBASIR,M
ALBER,M
ALBERT,M
ALBERTA,F
ALBERTINE,M
ALBERTINO,M
ALBERTO,M
ALBIE,M
ALBIN,M
ALBINA,F
ALBINIO,M
ALBINO,M
ALCADE,M
ALCOSAIN,M
ALCRISLYN,F
ALDASIL,M
ALDE,M
ALDEGUNDO,M
ALDEN,M
ALDERITO,M
ALDIMAR,M
ALDIN,M
ALDING,M
ALDO,M
ALDONG,M
ALDOUS,M
ALDREICK,M
ALDREIN,M
ALDREN,M
ALDRICH,M
ALDRICK,M
ALDRIEN,M
ALDRIN,M
ALDRINE,M
ALDWIN,M
ALDY,M
ALEEM,M
ALEGRE,M
ALEGRIA,F
ALEJA,F
ALEJANDRE,M
ALEJANDREA,F
ALEJANDRIA,F
ALEJANDRINO,M
ALEJANDRITO,M
ALEJANDRO,M
ALEJO,M
ALEKHZANMAN,M
ALELI,F
ALEMARLOU,M
ALEP,M
ALEREY,F
ALETHEA,F
ALEX,M
ALEXANDER,M
ALEXANDRE,M
ALEXIS,M
ALEXSEUS,M
ALEXSON,M
ALEY,M
ALF,M
ALFA,F
ALFABETO,M
ALFAIS,M
ALFARZIE,M
ALFATTAH,M
ALFE,M
ALFELITO,M
ALFEO,M
ALFIE,M
ALFIYA,F
ALFIZZAR,M
ALFOMEL,M
ALFONS,M
ALFONSITO,M
ALFONSO,M
ALFRAZIER,M
ALFRED,M
ALFREDA,F
ALFREDO,M
ALGANARHAM,M
ALGARAD,M
ALGARY,M
ALGELYN,F
ALGERICO,M
ALHAMAR,M
ALHARIS,M
ALHASAN,M
ALHASIL,M
ALHAZNI,M
ALHIZAM,M
ALHUSSEIN,M
ALI,M
ALIAH,F
ALIAKBAR,M
ALIANA,F
ALIBAI,F
ALIBASA,M
ALIBASER,M
ALIBASHER,M
ALIBERT,M
ALIBSAR,M
ALICAN,M
ALICAYA,M
ALICE,F
ALICIA,F
ALICMAN,M
ALICOZAMAN,M
ALIH,M
ALIJOTHAM,M
ALIKHAN,M
ALIMAR,M
ALIMASER,M
ALIMATAR,M
ALIMODEN,M
ALIMONA,M
ALIMOZAMAN,M
ALIMUDIN,M
ALINADER,M
ALINE,F
ALINOR,M
ALINORODIN,M
ALIODEN,M
ALIOLA,M
ALIOSOP,M
ALIP,M
ALIPIO,M
ALISA,F
ALISNA,M
ALISON,M
ALISUCRI,M
ALITA,F
ALITO,M
ALIYASA,M
ALJAMIER,M
ALJAN,M
ALJAYEED,M
ALJAZAR,M
ALJEW,M
ALJIBER,M
ALJON,M
ALJUN,M
ALKADI,M
ALKATAB,M
ALKATAR,M
ALKHADAR,M
ALKHALID,M
ALKHALIDI,M
ALKHAPID,M
ALKRAMER,M
ALL,M
ALLAIN,M
ALLAN,M
ALLANDATU,M
ALLANDOS,M
ALLANE,M
ALLANNAHIER,M
ALLANO,M
ALLAYON,M
ALLEN,M
ALLEY,M
ALLIAH,F
ALLIG,M
ALLY,M
ALLYS,F
ALMA,F
ALMABERNFEL,F
ALMANAR,M
ALMANDO,M
ALMAR,M
ALMARIO,M
ALMASHOR,M
ALME,M
ALMEDZAR,M
ALMER,M
ALMINZHEN,M
ALMIRANTE,M
ALMOND,M
ALMUDZHAR,M
ALMUDZNI,M
ALMUDZRIN,M
ALMUKTAR,M
ALMURAD,M
ALMUZRIN,M
ALNA,F
ALNAZIB,M
ALNER,M
ALNOR,M
ALNUR,M
ALO,M
ALOHA,F
ALOMA,F
ALOMER,M
ALON,M
ALONA,F
ALONG,M
ALONSO,M
ALONTO,M
ALONZO,M
ALOY,M
ALOYSIUS,M
ALPINIANO,M
ALPIO,M
ALPOY,M
ALQAID,M
ALRANDY,M
ALRASHID,M
ALRASID,M
ALRAZHMIE,M
ALRICO,M
ALSAD,M
ALSADAT,M
ALSAGGAB,M
ALSANNYSTER,M
ALSHALID,M
ALSHARIFF,M
ALSHEFA,M
ALSYED,M
ALTAF,M
ALTAGRACIA,F
ALTHEA,F
ALTOHAMY,M
ALTON,M
ALUDIA,F
ALVAREZ,M
ALVARO,M
ALVAROQUE,M
ALVERA,F
ALVIE,M
ALVIN,M
ALVINO,M
ALWYN,M
ALY,M
ALYASSER,M
ALYSSA,F
ALZAIF,M
ALZHUDURIE,M
AMAAMALHY,F
AMABEL,F
AMABLE,M
AMADA,F
AMADEL,M
AMADEO,M
AMADIO,M
AMADO,M
AMADOR,M
AMALIA,F
AMAN,M
AMANCIO,M
AMANDA,F
AMANDO,M
AMANG,M
AMANO,M
AMANODEN,M
AMANOLLAH,M
AMANTE,M
AMAY,M
AMBA,M
AMBALI,M
AMBE,M
AMBEN,M
AMBER,M
AMBET,M
AMBI,M
AMBIEL,M
AMBINO,M
AMBO,M
AMBOG,M
AMBON,F
AMBONG,M
AMBOY,M
AMBRI,M
AMBROCIO,M
AMBROSIO,M
AME,M
AMEERAH,F
AMEIR,M
AMEL,M
AMELBANSA,M
AMELIA,F
AMELIANA,F
AMELITA,F
AMELITO,M
AMENODIN,M
AMENOLLAH,M
AMER,M
AMERHUSSIEN,M
AMERICO,M
AMERIL,M
AMERODIN,M
AMEURFINA,F
AMID,M
AMIDEO,M
AMIE,F
AMIEL,M
AMIENQUAILED,M
AMIER,M
AMIL,M
AMILBAJAR,M
AMILHAMJA,M
AMILIL,M
AMILKHAN,M
AMIN,M
AMINA,F
AMINADAB,M
AMINODEN,M
AMINODING,M
AMINOLLAH,M
AMIR,M
AMIRH,M
AMIRIL,M
AMIRODEN,M
AMIRSALAM,M
AMIRUL,M
AMIVE,F
AMOKS,M
AMON,M
AMOR,M
AMORICO,M
AMORLITO,M
AMORMEO,M
AMORSOLO,M
AMORY,M
AMOS,M
AMPARO,F
AMPATUA,M
AMPELI,M
AMPER,M
AMPHIL,M
AMPILO,M
AMPING,M
AMRODEN,M
AMROLLAH,M
AMRON,M
AMROSI,M
AMROSIN,M
AMTY,M
AMUERFINO,M
AMY,F
AN,F
ANA,F
ANABEL,F
ANABELLA,F
ANABELLE,F
ANACLETO,M
ANACLITO,M
ANACORITO,M
ANADEL,M
ANAFEIL,F
ANALET,F
ANALIN,F
ANALIZA,F
ANALON,F
ANALYN,F
ANAM,M
ANANG,F
ANANIA,F
ANANILDA,F
ANASTACIA,F
ANASTACIO,M
ANATALIA,F
ANATHOLLY,M
ANATHY,F
ANCELITO,M
ANCIETO,M
ANDAL,M
ANDAM,M
ANDAT,F
ANDERSEN,M
ANDERSON,M
ANDING,F
ANDOG,M
ANDONG,M
ANDONI,M
ANDOY,M
ANDRADE,M
ANDRE,M
ANDREA,F
ANDREI,M
ANDRELINA,F
ANDREMOORE,M
ANDREO,M
ANDRES,M
ANDRESA,F
ANDRESITO,M
ANDRESON,M
ANDREW,M
ANDRO,M
ANDRONICUS,M
ANDRY,M
ANDY,M
ANECITA,F
ANECITO,M
ANEJO,M
ANEL,M
ANELYN,F
ANET,F
ANG,M
ANGCAYA,M
ANGEL,M
ANGELA,F
ANGELBERT,M
ANGELI,F
ANGELICA,F
ANGELIE,F
ANGELINA,F
ANGELINE,F
ANGELINO,M
ANGELIQUE,F
ANGELITA,F
ANGELITO,M
ANGELO,M
ANGELU,F
ANGELYN,F
ANGEZA,F
ANGGA,F
ANGGING,F
ANGGO,M
ANGIE,F
ANGIMBZAR,M
ANGKING,M
ANGKOL,M
ANHARA,F
ANI,M
ANIANO,M
ANICETA,F
ANICETO,M
ANICKA,F
ANIDA,F
ANIEL,M
ANIELYN,F
ANIEN,M
ANIKA,F
ANILAO,M
ANILONA,F
ANING,F
ANINI,F
ANISA,F
ANISAH,F
ANITA,F
ANJANETTE,F
ANJELI,M
ANJO,M
ANJOE,M
ANJUNE,M
ANKIE,M
ANLIE,F
ANLO,M
ANN,F
ANNA,F
ANNABEL,F
ANNABELLE,F
ANNALIZA,F
ANNALOU,F
ANNALYN,F
ANNAMAHLYNE,F
ANNDE,M
ANNE,F
ANNELINE,F
ANNETTE,F
ANNIE,F
ANNUAL,M
ANNUAR,M
ANNURA,F
ANONG,M
ANOUAR,M
ANOWAR,M
ANOY,M
ANSAL,M
ANSAM,M
ANSAREY,M
ANSARI,M
ANSARY,M
ANSELMO,M
ANSING,M
ANSLEY,M
ANSOK,M
ANTARA,M
ANTE,M
ANTERO,M
ANTET,M
ANTHONY,M
ANTIDIO,M
ANTIKEL,M
ANTIPAS,M
ANTO,M
ANTOLIN,M
ANTON,M
ANTONETTE,F
ANTONIA,F
ANTONIETO,M
ANTONIETTA,F
ANTONINA,F
ANTONINO,M
ANTONIO,M
ANUAL,M
ANUAR,M
ANUNCIACION,F
ANWAR,M
ANWARUDIN,M
APA,M
APANG,M
APAO,F
APE,M
APEN,M
APIN,M
APIO,M
APO,M
APOLINAR,M
APOLINARIA,F
APOLINARIO,M
APOLLO,M
APOLO,M
APOLONIA,F
APOLONIO,M
APPAH,M
APPAMP,M
APPAN,M
APPANG,M
APPLE,F
APRIL,F
APRILLE,F
APRODICIO,M
APRONIANO,M
APYONG,M
AQUILES,M
AQUILINA,F
AQUILINO,M
AQUILO,M
AQUIN,M
AQUINO,M
ARAB,M
ARACELI,F
ARADEN,M
ARAFAT,M
ARAN,M
ARAR,F
ARAWAN,M
ARBEE,M
ARBEN,M
ARCADIO,M
ARCAM,M
ARCANGEL,M
ARCE,M
ARCEL,M
ARCELITO,M
ARCELO,M
ARCHE,M
ARCHEAN,M
ARCHER,M
ARCHIE,M
ARCHIELITO,M
ARCHIMEDES,M
ARCI,M
ARCO,M
ARDAG,M
ARDAN,M
ARDESHIR,M
ARDIESON,M
ARDIL,M
ARECIO,M
AREL,M
ARELI,F
ARELLANO,M
AREN,M
ARES,M
ARGAMS,M
ARGEL,M
ARGENITO,M
ARGIE,M
ARGIN,M
ARHAM,M
ARI,M
ARIANE,F
ARIEL,M
ARIES,M
ARIMAO,M
ARIS,M
ARISTEO,M
ARISTIDES,M
ARISTITO,M
ARISTON,M
ARISTOTELES,M
ARISTOTLE,M
ARJAY,M
ARJHEMAR,M
ARJIE,M
ARJIN,M
ARJUN,M
ARKIE,M
ARLAN,M
ARLAND,M
ARLEEN,F
ARLEIGH,M
ARLENCITA,F
ARLENE,F
ARLIN,F
ARLINDA,F
ARLING,M
ARLITO,M
ARLO,M
ARLON,M
ARLY,M
ARLYN,F
ARLYNN,F
ARMA,F
ARMAIDA,F
ARMAN,M
ARMAND,M
ARMANDO,M
ARMEL,M
ARMELA,F
ARMENDRA,F
ARMENIUS,M
ARMI,F
ARMID,M
ARMIDA,F
ARMIL,M
ARMIN,M
ARMINDA,F
ARMINGOL,M
ARMSTRONG,M
ARNALDO,M
ARNAN,M
ARNASHRIF,M
ARNEDO,M
ARNEL,M
ARNELITO,M
ARNIEL,M
ARNIELO,M
ARNIL,M
ARNITO,M
ARNOL,M
ARNOLD,M
ARNOLDA,F
ARNOLDO,M
ARNOLFO,M
ARNUL,M
ARNULDO,M
ARNULF,M
ARNULFO,M
ARON,M
ARPI,M
ARQUILAO,M
ARRANTLEE,M
ARSAD,M
ARSAN,M
ARSANI,M
ARSEBINO,M
ARSELUZMINDA,F
ARSENIA,F
ARSENIO,M
ARSENIONITO,M
ARSHAD,M
ARSID,M
ARSINA,F
ARSON,M
ART,M
ARTCHEBAL,M
ARTEM,M
ARTEMIO,M
ARTH,M
ARTHEMIO,M
ARTHUR,M
ARTIMAS,M
ARTURO,M
ARULA,M
ARVEE,M
ARVIE,M
ARVILLO,M
ARVIN,M
ARVY,M
ARWELA,F
ARWIN,M
ARZE,F
ASAAD,M
ASAN,M
ASANIE,M
ASBI,M
ASBIROL,M
ASELA,F
ASELO,M
ASENCRITO,M
ASER,M
ASFORAS,M
ASGAR,M
ASGAREY,M
ASHARI,M
ASHARY,M
ASHER,M
ASHIER,M
ASHLEY,M
ASI,M
ASIAN,M
ASIMAH,F
ASIONG,M
ASIP,M
ASIR,M
ASISCLO,M
ASLANI,M
ASLIAH,F
ASMALA,M
ASNAWI,M
ASPHER,M
ASRAF,M
ASRI,M
ASTERIO,M
ASTOLFO,M
ASTOR,M
ASUNCION,F
ASYOK,M
ATAB,M
ATAN,M
ATANACIO,M
ATANASIO,M
ATAT,M
ATE,F
ATELEAH,F
ATENEO,M
ATENITA,F
ATENOGENES,M
ATHENA,F
ATHENE,F
ATHENG,M
ATHOS,M
ATILANO,M
ATING,M
ATIYA,M
ATM,M
ATO,M
ATON,M
ATOY,M
ATTAS,M
ATTY,M
AU,F
AUBREY,M
AUDIE,M
AUDREY,F
AUDY,M
AUGOR,M
AUGORIO,M
AUGOSTO,M
AUGUST,M
AUGUSTIN,M
AUGUSTINE,M
AUGUSTINES,M
AUGUSTO,M
AUGUSTOS,M
AUGUSTUS,M
AULICIO,M
AURA,M
AUREA,F
AUREIANA,F
AURELIA,F
AURELIANO,M
AURELIO,M
AURELLANO,M
AUREO,M
AURING,M
AURORA,F
AUSTERIO,M
AUXILIADORA,F
AVA,F
AVE,M
AVEL,M
AVELARD,M
AVELINA,F
AVELINO,M
AVEN,M
AVIGAEL,F
AVIGAIL,F
AVIOR,M
AVITO,M
AVON,M
AWE,M
AWEL,M
AWI,M
AWIE,M
AWIN,M
AWIT,M
AWWING,M
AXZEL,F
AYA,F
AYAN,M
AYE,M
AYELAH,F
AYEN,F
AYESHA,F
AYI,M
AYING,F
AYLA,F
AYMAN,M
AYOB,M
AYONAN,M
AYONGAN,M
AYOT,M
AYOY,M
AYRAN,M
AYSON,M
AYUB,M
AYZEL,F
AZARELLE,F
AZISALI,M
AZIZ,M
AZON,F
AZRALF,M
AZUCENA,F
B2K,M
BABIE,F
BABYDATS,M
BABYLYN,F
BACAR,M
BACARAT,M
BACKAR,M
BADANG,F
BADAT,F
BADELLES,M
BADEN,M
BADETH,F
BADO,M
BADONG,M
BADOR,M
BADOY,M
BADRODIN,M
BADRUDIN,M
BAGATSING,M
BAGIT,M
BAGNOS,M
BAGO,M
BAGON,M
BAGRO,M
BAGUIO,M
BAGUMBARAN,M
BAHARA,M
BAHNARIN,M
BAHOE,F
BAHRAIN,M
BAHSI,F
BAICONG,F
BAILEAH,F
BAILON,F
BAINALONG,F
BAINENITA,F
BAINORA,F
BAINOT,F
BAISA,F
BAIT,F
BAJER,M
BAJHONAID,M
BAJIR,M
BAJUN,M
BAKAT,M
BAKS,M
BAKYA,M
BALAO,M
BALATONG,M
BALBINA,F
BALBINO,M
BALDAS,M
BALDO,M
BALDOMERO,M
BALGAME,M
BALI,M
BALMES,M
BALNAWI,M
BALODOY,M
BALONDO,M
BALONG,M
BALTAZAR,M
BALTY,M
BALUMOL,M
BAMBA,M
BAMBAM,M
BAMM,F
BAN,M
BANDO,M
BANENG,F
BANI,M
BANILO,M
BANJO,M
BANJONG,M
BANKIE,M
BANNAS,M
BANOG,M
BANONG,M
BANOY,M
BANSIO,M
BANTOLINAY,M
BANUNG,M
BANZAI,M
BARA,M
BARBARA,F
BARBERO,M
BARNEY,M
BAROG,M
BAROK,M
BARRY,M
BARSIMEO,M
BART,M
BARTAZAR,M
BARTOLO,M
BARTOLOME,M
BARY,M
BASAN,M
BASARI,M
BASARON,M
BASCO,M
BASER,M
BASHER,M
BASHET,M
BASID,M
BASIL,M
BASILIDES,M
BASILIO,M
BASILISA,F
BASIO,M
BASIR,M
BASIT,M
BASMALA,M
BASMAN,M
BASRIN,M
BASSAL,M
BASSAM,M
BASSAR,M
BASSER,M
BASSIR,M
BASTE,M
BASTIE,M
BATANG,M
BATARA,M
BATCHIE,M
BATCHUK,M
BATMAN,M
BATO,M
BATSOY,M
BAUTISTA,M
BAY,M
BAYAN,M
BAYANG,M
BAYANI,M
BAYANY,M
BAYLON,M
BB,M
BBJUN,M
BBLOU,F
BBOY,M
BEA,F
BEAM,F
BEATRIZ,F
BEBET,F
BEBETH,F
BEBIANO,M
BEBO,M
BEBOK,M
BEBONG,M
BEBOT,M
BEBOY,M
BEBS,M
BEBSIE,M
BEBWIN,M
BECAY,F
BEDELIA,F
BEDIS,M
BEDOT,M
BEDTEK,M
BEDZ,M
BEEBONG,M
BEETHOVEN,M
BEGS,F
BELARMINO,M
BELEA,F
BELEN,F
BELES,M
BELINDA,F
BELLA,F
BELLARMIN,M
BELLO,M
BELLY,F
BELMAN,M
BELMER,M
BELMOR,M
BELOY,M
BELSHAZZAR,M
BELTRAN,M
BEMBOL,M
BEMBONG,F
BEMBOT,M
BEMBOY,M
BEN,M
BENBEN,M
BENCIO,M
BENECIO,M
BENEDICK,M
BENEDICT,M
BENEDICTO,M
BENEFREDA,F
BENGLEN,M
BENGON,M
BENHAR,M
BENHUR,M
BENICIO,M
BENIDO,M
BENIFLOR,F
BENIGNO,M
BENILDA,F
BENILDO,M
BENING,F
BENIPAZ,F
BENITA,F
BENITO,M
BENJAMIN,M
BENJAR,M
BENJARDE,M
BENJIE,M
BENJO,M
BENJUN,M
BENNET,M
BENNETTE,M
BENNY,M
BENOG,M
BENOK,M
BENONI,M
BENRAHIM,M
BENRUBEN,M
BENSA,F
BENSALI,M
BENSAR,M
BENSAUDI,M
BENSAYEED,M
BENSIJEL,M
BENSMAR,M
BENSON,M
BENSOUD,M
BENTHAM,M
BENTONG,M
BENTOY,M
BENVINEDO,M
BENY,M
BENZ,M
BENZAR,M
BENZEAD,M
BENZON,M
BERGER,M
BERHAM,M
BERLINDA,F
BERLING,M
BERLITA,F
BERLITO,M
BERLY,M
BERN,M
BERNABE,M
BERNADETH,F
BERNADETTE,F
BERNALDO,M
BERNANDINO,M
BERNARD,M
BERNARDINA,F
BERNARDINE,M
BERNARDINO,M
BERNARDITA,F
BERNARDITO,M
BERNARDO,M
BERNEL,M
BERNICE,F
BERNIE,M
BERNIEBGT,M
BERNS,M
BERT,M
BERTHILDA,F
BERTING,M
BERTINO,M
BERTITO,M
BERTMAR,M
BERTO,M
BERTOLDO,M
BERTRAND,M
BERUA,M
BERWASAN,M
BERY,M
BERYL,F
BESS,F
BESSIE,F
BETH,F
BETHA,F
BETHLEHEM,F
BETTY,F
BETZAIDA,F
BEVAN,M
BEVEN,M
BEVERLEY,F
BEVERLY,F
BEYONG,M
BG,M
BHENZAR,M
BHOKS,F
BHONG,M
BHOTS,M
BIANCA,F
BIANCO,M
BIBIANA,F
BIBIANO,M
BIBIE,M
BIBINA,F
BIBINGKA,M
BIBO,M
BIBOY,M
BIC,F
BICBIC,M
BICKY,F
BIDIN,M
BIDO,M
BIEN,M
BIENVENIDA,F
BIENVENIDO,M
BIG,M
BIGBOY,M
BIGDADDY,M
BIKLOY,M
BIKOL,F
BILBOY,M
BILIN,M
BILL,M
BILLMARK,M
BILLONIFACIO,M
BILLY,M
BILLYBOY,M
BILLYCOY,M
BIM,M
BIMBO,M
BIMBONG,M
BIMBOY,M
BIMMY,M
BINDOY,M
BINGBANG,M
BINGBONG,M
BINGGOT,M
BINGGOY,M
BINGLE,M
BINJAMIN,M
BINO,M
BINOY,M
BISITY,M
BISMARCK,M
BISMARK,M
BISTIK,M
BITO,M
BITOY,M
BITRICS,M
BIUSIK,M
BIYAL,M
BIYYO,M
BJ,M
BJORN,M
BLANDINO,M
BLANDO,M
BLAS,M
BLAYNE,M
BLEM,F
BLESILDA,F
BLESILDO,M
BLESS,F
BLESSILDA,F
BLEZMER,M
BLITHE,F
BLOOM,M
BOAS,M
BOB,M
BOBBIE,M
BOBBY,M
BOBBYJAM,M
BOBET,M
BOBING,M
BOBIT,M
BOBO,M
BOBOK,M
BOBONG,M
BOBOT,M
BOBOY,M
BOBSI,M
BOBSY,M
BOCARI,M
BOCAY,M
BOCTAM,M
BODA,F
BODAY,M
BODGIE,M
BODIK,M
BODIT,M
BODJYK,M
BODOG,M
BODOK,M
BOEN,M
BOGART,M
BOGGIE,M
BOGS,M
BOJIC,M
BOJIE,M
BOJUN,M
BOK,M
BOKBOK,M
BOKING,M
BOKNAY,F
BOKWET,M
BOLAW,M
BOLENG,M
BOLING,M
BOLINGLING,M
BOLKIA,M
BOLKIAH,M
BOLO,M
BOLOBOY,M
BOLONIO,M
BOMBIE,M
BOMBOY,M
BON,M
BONA,F
BONBON,M
BONDJONG,M
BONFI,M
BONG,M
BONGAN,M
BONGBONG,M
BONGCOR,M
BONGKIE,M
BONGS,M
BONGSAL,M
BONHONG,M
BONHONGVICKY,F
BONI,M
BONIE,M
BONIEFER,M
BONIFACIA,F
BONIFACIO,M
BONING,M
BONITO,M
BONJING,M
BONJOT,M
BONN,M
BONNA,M
BONNIE,M
BONSO,M
BONY,M
BONZ,M
BOOJIE,M
BOOTH,M
BORABOG,M
BORAGWAK,M
BORDIG,M
BOREK,M
BORGIE,M
BORIS,M
BOROK,M
BOROMEO,M
BORS,M
BOSLON,M
BOSS,M
BOSSING,M
BOSVERGEL,M
BOT,M
BOTO,M
BOTOK,M
BOTONG,M
BOTOY,M
BOTSOY,M
BOTYO,M
BOTYOG,M
BOWAD,M
BOY,M
BOYBAO,M
BOYBOY,M
BOYCIE,M
BOYEE,M
BOYENG,M
BOYET,M
BOYETT,M
BOYING,M
BOYLALO,M
BOYLIM,M
BOYONG,M
BOYTEE,M
BOYTONG,M
BP,M
BRAD,M
BRADLY,M
BRADOMAR,M
BRADY,M
BRAHIM,M
BRANDO,M
BRANDY,M
BRAULIO,M
BRAVE,M
BREDERICK,M
BREGITTE,F
BRENDA,F
BRENDO,M
BRENDON,M
BRENSON,M
BRENZ,M
BRENZON,M
BRETHEN,M
BRETT,M
BRIAN,M
BRICCIO,M
BRIDGET,F
BRIGHT,M
BRIGIDA,F
BRIGIDO,M
BRILLANTE,M
BRINO,M
BRIX,M
BRO,M
BRUCE,M
BRUNA,F
BRUNO,M
BRYAN,M
BRYANN,M
BRYANT,M
BUAGAS,M
BUBONG,M
BUBOY,M
BUDAK,M
BUDAN,M
BUDDA,M
BUDDY,M
BUDHA,M
BUDOY,M
BUDS,M
BUEN,M
BUENAFRIDO,M
BUENAVENTURA,M
BUENCAMINO,M
BUENIROSO,M
BUENO,M
BUGS,M
BUKAYO,M
BUKO,M
BULAK,F
BULAW,M
BULAWANBAI,F
BULIBULI,M
BULLDOG,M
BULLET,M
BUNAY,F
BUNNY,M
BUNSO,M
BUNSOY,M
BURGOS,M
BURKE,M
BURT,M
BUSAR,M
BUSHI,M
BUTCH,M
BUTCHICK,F
BUTCHIE,M
BUTCHOY,M
BUTSOG,M
BUTSOY,M
BYRON,M
BYRONE,M
CABIB,M
CABILE,M
CABO,M
CABSARAN,M
CACEL,M
CACOY,M
CADAR,M
CADER,M
CADIZ,M
CADO,M
CADOY,M
CADS,M
CAESAR,M
CAFRIALDES,F
CAHAR,M
CAING,M
CAIRODEN,M
CAIRONISAH,F
CALALEN,M
CALAY,M
CALIL,M
CALIXTO,M
CALOY,M
CALVIN,M
CAMAD,M
CAMAL,M
CAMALODEN,M
CAMALODIN,M
CAMANO,M
CAMAR,M
CAMARODDEN,M
CAMARODIN,M
CAMILA,F
CAMILLE,F
CAMILO,M
CAMLON,M
CAMPOL,M
CAN,M
CANAPI,M
CANCIO,M
CANDE,F
CANDELARIA,F
CANDELARIO,M
CANDIDA,F
CANDIDO,M
CANDU,M
CANDY,M
CANESIO,M
CANIANGCA,M
CANILANG,M
CANISO,M
CANNIE,F
CANONOY,M
CANOY,M
CANUTO,M
CAOKY,M
CAP,M
CAPISTRANO,M
CARBINE,M
CARDAWI,M
CARDING,M
CARDITO,M
CARDO,M
CAREN,F
CARIDAD,F
CARIM,M
CARINA,F
CARING,F
CARIS,M
CARL,M
CARLA,F
CARLAX,M
CARLFRED,M
CARLING,M
CARLISITO,M
CARLITO,M
CARLITOS,M
CARLNAN,M
CARLO,M
CARLOMAGNO,M
CARLOS,M
CARLOSITO,M
CARLOTA,F
CARLU,M
CARMEL,F
CARMELA,F
CARMELINA,F
CARMELINO,M
CARMELITA,F
CARMELITO,M
CARMELO,M
CARMEN,F
CARMENCITA,F
CARMI,F
CARMICHAEL,M
CARMINA,F
CARMINIA,F
CARMITO,M
CARNAIN,M
CARNAVAL,M
CAROL,F
CAROLINA,F
CAROLINE,F
CAROLYN,F
CARPIN,M
CARRYL,F
CARY,M
CARYBOY,M
CASAN,M
CASANODEN,M
CASANODIN,M
CASANOR,M
CASEY,M
CASH,M
CASHMER,M
CASIANO,M
CASILDITA,F
CASILONGAN,M
CASIM,M
CASIMERO,M
CASIMIRA,F
CASIMIRO,M
CASOY,M
CASTOR,M
CASTRENCE,M
CAT,F
CATA,M
CATALINA,F
CATALINO,M
CATH,F
CATHERINE,F
CATHERINO,M
CATHY,F
CAUTING,M
CAYA,F
CAYETANO,M
CAYO,M
CEAN,M
CEASAR,M
CEASARIO,M
CECELIA,F
CECELIO,M
CECILIA,F
CECILIO,M
CECILITO,M
CECILLE,F
CECIRON,M
CEDAY,F
CEDRIC,M
CEFERINO,M
CELDO,M
CELEDONIA,F
CELEDONIO,M
CELERINA,F
CELERINO,M
CELES,M
CELESTE,F
CELESTINA,F
CELESTINO,M
CELI,F
CELIA,F
CELIAFLOR,F
CELINE,F
CELIO,M
CELLONG,M
CELON,M
CELOY,M
CELSA,F
CELSI,M
CELSO,M
CELY,F
CELYN,F
CENEN,M
CENESIO,M
CENEZEO,M
CENON,M
CENONITO,M
CENTENIELO,M
CEPEN,F
CERELA,F
CERIACO,M
CERILO,M
CERINO,M
CERLINO,M
CERON,M
CERRY,M
CERSES,M
CES,F
CESAR,M
CESARDO,M
CESAREO,M
CESARIA,F
CESARIO,M
CETONG,M
CEZAR,M
CEZARIO,M
CHACHA,F
CHAI,M
CHAMP,M
CHAMSON,M
CHANCHAN,M
CHANDO,M
CHANDY,F
CHANITA,F
CHAOIG,M
CHAP,M
CHARD,M
CHAREE,F
CHARIE,F
CHARINA,F
CHARISSE,F
CHARITA,F
CHARITO,F
CHARITY,F
CHARIZZMA,F
CHARL,M
CHARLEMAGNE,M
CHARLENE,F
CHARLES,M
CHARLESTON,M
CHARLEX,M
CHARLIE,M
CHARLITA,F
CHARLITO,M
CHARLOTT,F
CHARLOTTE,F
CHARLSTON,M
CHARLTON,M
CHARLYN,F
CHARMAINE,F
CHARMIE,F
CHARNEL,M
CHARO,F
CHARRY,F
CHAVIT,M
CHE,F
CHEBETH,F
CHECHING,M
CHEENIE,F
CHEERYL,F
CHEL,F
CHELITA,F
CHELSEA,F
CHELSOR,M
CHENIL,M
CHERILIE,F
CHERLITO,M
CHERNIE,M
CHERRIBEL,F
CHERRIE,F
CHERRY,F
CHERRYL,F
CHERRYLYN,F
CHERYL,F
CHERYLIN,F
CHERYLL,F
CHESCO,M
CHESSKHA,F
CHESTER,M
CHESTON,M
CHEZZA,F
CHIC,F
CHICHINA,F
CHICQUE,F
CHIEF,M
CHILLY,F
CHINCHIN,F
CHING,F
CHINGBE,M
CHINITA,F
CHINKEE,F
CHINO,M
CHIQUI,F
CHITO,M
CHIZARINA,F
CHO,M
CHOI,M
CHOLIN,F
CHOLITA,F
CHOLO,M
CHONA,F
CHONG2X,M
CHONILO,M
CHOW,M
CHOY,M
CHRIS,M
CHRISELLE,F
CHRISTA,F
CHRISTENED,M
CHRISTIAN,M
CHRISTINA,F
CHRISTINE,F
CHRISTMAS,F
CHRISTOPHER,M
CHRISTY,F
CHUCK,M
CHUCKIE,M
CICERO,M
CICIL,M
CICIRON,M
CID,M
CIELO,F
CIELYN,F
CINDERELLA,F
CINDY,F
CIPRIANA,F
CIPRIANO,M
CIPRING,M
CIRIACO,M
CIRILO,M
CITA,F
CITAN,F
CJ,M
CLAIRE,F
CLARA,F
CLARE,M
CLARENCE,M
CLARINDA,F
CLARISSA,F
CLARITA,F
CLARITO,M
CLARK,M
CLARO,M
CLARORECTO,M
CLAUDE,M
CLAUDIA,F
CLAUDIO,M
CLAUDITH,F
CLAUDIUS,M
CLAVEL,F
CLAVERINA,F
CLAY,M
CLAYBORNE,M
CLAYFORD,M
CLE,M
CLEMENCE,M
CLEMENCIO,M
CLEMENCO,M
CLEMENTE,M
CLEMENTINA,F
CLEMENTINO,M
CLEO,M
CLEOFAS,F
CLEOPATRA,F
CLEOTILDE,F
CLES,M
CLESSA,F
CLETO,M
CLETS,M
CLICA,F
CLIFF,M
CLIFFORD,M
CLIMACO,M
CLINT,M
CLINTON,M
CLIVE,M
CLOD,M
CLODIVINO,M
CLODUALDA,F
CLODUALDO,M
CLOVIS,M
CLOYD,M
CLYDE,M
COACH,M
COCOY,M
COEFREDO,M
COGNITO,M
COKIAT,M
COKIE,M
COLEN,F
COLET,F
COLETA,F
COLETO,M
COLIN,M
COLING,M
COLLADO,M
COLLIN,M
COLUMBANO,M
COLUMBUS,M
COLY,M
COMAINIE,M
COMINI,M
COMMISSIONER,M
CONARD,M
CONCEPCION,F
CONCESA,F
CONCESO,M
CONCHITA,F
CONCHITO,M
CONCON,M
CONCORDIO,M
CONDE,M
CONDRING,M
CONEY,F
CONFESOR,M
CONI,M
CONIE,M
CONNIE,F
CONRAD,M
CONRADA,F
CONRADLOU,M
CONRADO,M
CONSEJO,F
CONSING,F
CONSOLACION,F
CONSORCIA,F
CONSTANCIA,F
CONSTANCIO,M
CONSTANTE,M
CONSTANTINA,F
CONSTANTINO,M
CONSTITO,M
CONSUELO,F
COOKY,F
CORA,F
CORABELLA,F
CORAZON,F
CORBARRI,M
CORCILLANO,M
CORDOVA,M
COREL,M
CORIE,F
CORING,F
CORINTHIA,F
CORLETO,M
CORNELIA,F
CORNELIO,M
CORNELIUS,M
CORO,M
CORONA,F
COROY,F
CORPECIO,M
CORREGIDOR,M
CORSIDO,M
CORSINE,F
CORWIN,M
COSAIN,M
COSETTE,F
COSING,F
COSME,M
COSTAN,M
COTA,M
COW,M
COY,M
COYUBS,M
CRAIG,M
CRES,M
CRESCENCIANO,M
CRESCENCIO,M
CRESCENTE,M
CRESENCIA,F
CRESENCIANA,F
CRESENCIANO,M
CRESENCIO,M
CRESENTE,M
CRIS,M
CRISANTA,F
CRISANTO,M
CRISCEPTION,F
CRISELDA,F
CRISINCIANO,M
CRISLINE,F
CRISMA,F
CRISOGONO,M
CRISOLITO,M
CRISOLOGO,M
CRISOSTOMO,M
CRISPIN,M
CRISPINA,F
CRISPINIANO,M
CRISPINO,M
CRISPO,M
CRISPULO,M
CRISTELO,M
CRISTEO,M
CRISTETA,F
CRISTETO,M
CRISTIFLOR,M
CRISTINA,F
CRISTINO,M
CRISTITA,F
CRISTITO,M
CRISTITUTO,M
CRISTOBAL,M
CRISTOFER,M
CRISTON,M
CRISTOPHER,M
CRISTUTO,M
CRITNER,M
CROMWELL,M
CRUSO,M
CRUZALDO,M
CRYSTAL,F
CURGING,M
CURT,M
CYNTHIA,F
CYPRESS,M
CYPRUS,M
CYREL,M
CYRELLE,F
CYREX,M
CYRIL,M
CYRILE,F
CYRUS,M
CZAR,M
CZARINA,F
CZYLENE,F
DA,M
DABA,M
DABOY,M
DABU,M
DADA,F
DADANG,F
DADAY,F
DADDY,M
DADING,M
DADIT,M
DADO,M
DADONG,M
DADOY,M
DADS,M
DADY,M
DAGI,M
DAGKAL,M
DAGOHOY,M
DAGOROAN,M
DAGOY,M
DAGUL,M
DAHLIA,F
DAI,F
DAISY,F
DAISYRE,F
DAKILA,M
DAKIWAG,F
DALE,M
DALIDIGAN,M
DALIL,M
DALISAY,F
DALMA,F
DALMACIA,F
DALMACIO,M
DAMASO,M
DAMDAM,M
DAME,M
DAMER,M
DAMIAN,M
DAMIE,M
DAMSY,M
DAN,M
DANALYN,F
DANDAN,M
DANDEX,M
DANDI,M
DANDILGUST,M
DANDREB,M
DANEKING,M
DANELITA,F
DANGWA,M
DANIEL,M
DANIELO,M
DANILO,M
DANING,M
DANNA,F
DANNDANN,M
DANNIE,M
DANNY,M
DANRO,M
DANSOY,M
DANTE,M
DANTEO,M
DANUEL,M
DANZEL,M
DAODI,M
DAPH,M
DARCY,M
DARDAGAN,M
DARDANILO,M
DAREL,M
DARELL,M
DARIO,M
DARIUS,M
DARLENE,F
DARLITO,M
DARLON,M
DARLY,M
DARLYN,F
DARREL,M
DARREN,M
DARRYL,M
DARUSSALAM,M
DARWIN,M
DARYL,M
DARYLL,M
DAS,M
DATOY,M
DATU,M
DATUALI,M
DATUAN,M
DATUCAN,M
DATUDIDO,M
DATUKAN,M
DATUKEDSI,M
DATUMAMA,M
DATUMERO,M
DATUNOEY,M
DATUPUTI,M
DATUSALEM,M
DATUTATO,M
DATUWATA,M
DAUD,M
DAVE,M
DAVEN,M
DAVEY,M
DAVID,M
DAVIS,M
DAWASIYA,F
DAWN,F
DAX,M
DAXIE,M
DAY,F
DAYAH,F
DAYAN,M
DAYANG,F
DAYAWEN,M
DAYET,F
DAYLENN,F
DAYLINDA,F
DE,M
DEAN,M
DEBBIE,F
DEBORAH,F
DEBOY,M
DEBRA,F
DECARTH,M
DECK,M
DECORAN,M
DECOROSO,M
DEDICACION,F
DEDING,F
DEDITH,F
DEFIN,M
DEIN,M
DEK,M
DEKOMILING,M
DELAILA,F
DELBE,M
DELBERT,M
DELFIN,M
DELFINA,F
DELFINITO,M
DELIA,F
DELINO,M
DELIO,M
DELJUN,M
DELLO,M
DELMA,F
DELMUNDO,M
DELORDE,M
DELSON,M
DEMES,F
DEMETRIA,F
DEMETRIO,M
DEMETRIUS,M
DEMIA,F
DEMOCRETO,M
DEMOCRITO,M
DEMOS,M
DEMOSTHENES,M
DENDEN,M
DENEB,F
DENIA,F
DENIS,M
DENISA,F
DENISH,M
DENMARK,M
DENNES,M
DENNIS,M
DENNISE,M
DENNY,M
DENRASHER,M
DENTON,M
DENVER,M
DEO,M
DEODATO,M
DEODORO,M
DEODY,M
DEOEL,M
DEOGENES,M
DEOGRACIAS,M
DEOGRACIO,M
DEONILO,M
DEOVIC,M
DEREK,M
DERICK,M
DERKY,M
DERLINA,F
DERRICK,M
DERVIN,M
DERWIN,M
DESIDADO,M
DESIDERIA,F
DESIDERIO,M
DESIREE,F
DESMA,M
DETILINDA,F
DEVIE,F
DEVIN,M
DEWEY,M
DEX,M
DEXTER,M
DEXTERO,M
DEYONG,M
DEZA,F
DHAN,M
DHARYL,M
DHATS,M
DHENMAR,M
DHOH,M
DIACARBA,M
DIALALODIN,M
DIAMAR,M
DIAMPUAN,M
DIAN,F
DIANA,F
DIANATON,M
DIANE,F
DIANILITO,M
DIANNE,F
DIANO,M
DIANSON,M
DIARANGAN,M
DIBU,M
DICK,M
DICKERSON,M
DICKLY,M
DICKSON,M
DICKY,M
DIDAY,F
DIDERO,M
DIDI,M
DIDING,M
DIEGO,M
DIGNA,F
DIGNO,M
DIGOY,M
DIGUL,M
DILBERT,M
DIMALIPOS,M
DIMAN,M
DIMAS,M
DIMATIMPOS,M
DIMNA,F
DIMNATANG,M
DIMPLE,F
DIMPOL,M
DINA,F
DINAH,F
DINAND,M
DINDO,M
DING,M
DINGDONG,M
DINGLEE,M
DINKO,M
DINKY,M
DINNO,M
DINO,M
DIOCAESAR,M
DIOCELYN,F
DIODEN,M
DIODORO,M
DIOFRIX,M
DIOGENES,M
DIOLISON,M
DIOLITO,M
DIOME,M
DIOMEDES,M
DIOMEDIZA,F
DIONALDO,M
DIONE,M
DIONEIL,M
DIONEL,M
DIONES,M
DIONESIA,F
DIONESIO,M
DIONEY,M
DIONICIA,F
DIONICIO,M
DIONIE,M
DIONILO,M
DIONISIA,F
DIONISIO,M
DIONIX,M
DIONNIE,M
DIONZON,M
DIORELLA,F
DIORY,M
DIOSCORO,M
DIOSDADO,M
DIREK,M
DISHAN,M
DISOMNONG,M
DITA,F
DIVAN,M
DIVEN,M
DIVINA,F
DIVINE,F
DIVINO,M
DIWATA,F
DIXIE,M
DIXON,M
DIZON,M
DJ,M
DJANGO,M
DJARMA,F
DJOANNA,F
DJUVAN,M
DO,M
DOAN,M
DOANDRE,M
DOCELI,M
DOCJ,M
DOCJESS,M
DOCKIE,M
DOCTOR,M
DOCTORA,F
DODDIE,M
DODELYN,F
DODGIE,M
DODI,M
DODIE,M
DODJIE,M
DODO,M
DODOC,M
DODOD,M
DODONG,M
DODOY,M
DODOYARNOLD,M
DODOYJACK,M
DODOYRAY,M
DODS,M
DODY,M
DOGIE,M
DOI,M
DOK,M
DOKJUNE,M
DOKLITO,M
DOKTORA,F
DOKTOTEP,M
DOLAN,M
DOLFO,M
DOLMAR,M
DOLOR,F
DOLOREICH,M
DOLORES,F
DOLORITA,F
DOLOY,M
DOLPHY,M
DOME,M
DOMECIANA,F
DOMEL,M
DOMENCIANO,M
DOMENG,M
DOMICIANO,M
DOMINADOR,M
DOMING,M
DOMINGA,F
DOMINGO,M
DOMINIC,M
DOMINICIANO,M
DOMINISIO,M
DOMINO,M
DOMY,M
DOMYCIANO,M
DON,M
DONABEL,F
DONALD,M
DONALDO,M
DONATA,F
DONATO,M
DONDEE,M
DONDET,M
DONDIE,M
DONDON,M
DONDOY,M
DONEL,M
DONELL,M
DONG,M
DONGDONG,M
DONGKOY,M
DONGNEIL,M
DONGPOP,M
DONI,M
DONIOR,M
DONJIE,M
DONN,M
DONNA,F
DONNABEL,F
DONNABELLE,F
DONNALYN,F
DONNIE,M
DONNY,M
DONOVAN,M
DONY,M
DONYA,F
DOODS,M
DOOY,M
DORA,F
DORAY,F
DOREE,F
DOREEN,F
DORIE,F
DORIS,F
DORLEEN,F
DORNIE,F
DOROTEO,M
DOROTHEA,F
DOROTHY,F
DOROY,M
DORRIE,M
DORY,F
DOTIS,M
DOTTY,F
DOUGLAS,M
DOUJIE,M
DOVA,F
DOWEN,M
DOY,M
DOYDOY,M
DRA,F
DRALORET,F
DRENDDO,M
DRIGO,M
DRIGS,M
DRONUEL,M
DT,M
DUANE,F
DUDS,M
DUDZ,M
DUKE,M
DULCE,F
DUMWAY,F
DUNHILL,M
DUNKIN,M
DUNSTAN,M
DUQUE,M
DURADAY,F
DURIE,M
DUTIN,M
DWIGHT,M
DYNA,F
E,M
EARL,M
EARLSON,M
EBET,M
EBING,F
EBNIHASIM,M
EBOY,M
EBRAHIM,M
ECELSON,M
ECO,M
ED,M
EDA,F
EDAK,F
EDAL,M
EDANG,F
EDANO,M
EDAY,F
EDCEL,M
EDCIL,F
EDD,M
EDDIE,M
EDDIEBOY,M
EDEL,M
EDELBERTO,M
EDELITO,M
EDELYN,F
EDEMAR,M
EDENCIO,M
EDENIDO,M
EDERICK,M
EDERLINA,F
EDERLINDA,F
EDESIO,M
EDGAR,M
EDGARD,M
EDGARDO,M
EDIBOY,M
EDIJER,M
EDIK,M
EDIL,M
EDILARDO,M
EDILBERT,M
EDILBERTO,M
EDILBRANDO,M
EDILMA,F
EDIMAR,M
EDING,M
EDIONAR,M
EDIPOLO,M
EDISON,M
EDISTIO,M
EDITA,F
EDITH,F
EDITHA,F
EDITO,M
EDIVIANO,M
EDJAMEN,M
EDLER,M
EDLIN,M
EDLY,M
EDMAND,M
EDMAR,M
EDMARC,M
EDMON,M
EDMOND,M
EDMUND,M
EDMUNDITO,M
EDMUNDO,M
EDNA,F
EDNARD,M
EDONG,M
EDONNA,F
EDRALIN,M
EDRED,M
EDRES,M
EDRICO,M
EDRIS,M
EDSEL,M
EDSIR,M
EDSLAPEL,M
EDSON,M
EDU,M
EDUARD,M
EDUARDO,M
EDUARDSON,M
EDUL,M
EDUVIGIO,M
EDWARD,M
EDWILLIAM,M
EDWIN,M
EDWINA,F
EDY,M
EDZAR,M
EDZFAR,M
EFER,M
EFFIE,F
EFIMACO,M
EFRAIM,M
EFREN,M
EFRENIANO,M
EGA,M
EGAY,M
EGDON,M
EGIDIO,M
EGOK,M
EGOY,M
EHRNEST,M
EHZEL,F
EILEEN,F
EINA,F
EISENHOWER,M
EJAY,M
EKEK,M
EKENG,M
EKIN,M
EKIS,M
EKO,M
EL,M
ELADIO,M
ELAINE,F
ELAK,M
ELAN,M
ELANG,F
ELANI,F
ELANITO,M
ELBANO,M
ELBERT,M
ELCHOR,M
ELDA,F
ELDEN,M
ELDIE,M
ELDISIN,M
ELDRED,M
ELDWIN,M
ELDY,M
ELEANOR,F
ELEATOR,M
ELEAZAR,M
ELEAZER,M
ELEGIO,M
ELEL,M
ELEMERICA,F
ELEN,F
ELENA,F
ELENITA,F
ELENITO,M
ELENO,M
ELEODORA,F
ELEONOR,F
ELESABETH,F
ELESIA,F
ELESIO,M
ELEUTARIO,M
ELEUTERIA,F
ELEUTERIO,M
ELEUTHERIUS,M
ELFE,F
ELFRED,M
ELFREN,M
ELGIE,M
ELGIN,M
ELI,M
ELIAS,M
ELIAZAR,M
ELICITA,F
ELIDIO,M
ELIEZER,M
ELIGEOR,M
ELIGIO,M
ELIMAR,M
ELINGER,M
ELIODORO,M
ELIONG,M
ELIORDO,M
ELIOT,M
ELISA,F
ELISEA,F
ELISEAR,M
ELISEO,M
ELISER,M
ELITO,M
ELIXER,M
ELIZA,F
ELIZABETH,F
ELIZALDE,M
ELIZAR,M
ELIZER,M
ELLA,F
ELLAH,F
ELLARNE,F
ELLEN,F
ELLER,M
ELLERY,M
ELLI,M
ELLIE,F
ELLIOSOR,M
ELLIS,M
ELLYN,F
ELMA,F
ELMAR,M
ELMARIO,M
ELMASIA,F
ELMER,M
ELMERANDO,M
ELMERANTE,M
ELMERO,M
ELMERSON,M
ELMERTO,M
ELMO,M
ELMOR,M
ELNO,M
ELNORA,F
ELOISA,F
ELOISE,F
ELOK,M
ELORDE,M
ELOY,M
ELPEDIO,M
ELPIDIO,M
ELRIE,M
ELSA,F
ELSAN,F
ELSID,M
ELSIE,F
ELSITA,F
ELSON,M
ELSTONE,M
ELTON,M
ELVA,F
ELVEN,M
ELVERO,M
ELVI,M
ELVIE,F
ELVIN,M
ELVINO,M
ELVIRA,F
ELVIRO,M
ELVIS,M
ELVIZA,F
ELVY,M
ELY,M
ELYBERT,M
ELYN,F
ELYO,M
ELYZER,M
EMALYN,F
EMAN,M
EMARIE,M
EMBANG,M
EMBER,M
EMBIN,M
EMBING,M
EMBONG,M
EMBOT,F
EMBOY,M
EME,M
EMEDIO,M
EMEDIOS,M
EMELENDA,F
EMELIA,F
EMELIANO,M
EMELIO,M
EMELITA,F
EMELITO,M
EMELY,F
EMELYN,F
EMEM,M
EMENG,M
EMER,M
EMERENCIA,F
EMERENCIANA,F
EMERITA,F
EMERITO,M
EMERLITO,M
EMERSON,M
EMETERIO,M
EMIGDIO,M
EMIL,M
EMILIA,F
EMILIANA,F
EMILIANITO,M
EMILIANO,M
EMILIO,M
EMILITO,M
EMILOU,F
EMILY,F
EMILYN,F
EMIN,M
EMIR,M
EMM,M
EMMA,F
EMMALYN,F
EMMAN,M
EMMANUEL,M
EMME,F
EMMELLY,F
EMMYLOU,F
EMOL,M
EMON,M
EMONG,M
EMRAN,M
EMWIL,M
EMYAW,M
ENALD,M
ENAN,M
ENAR,M
ENCARNACION,F
ENCARNITA,F
ENCIN,M
ENCIONG,M
ENDI,M
ENER,M
ENERIO,M
ENERITO,M
ENG,M
ENGELBERT,M
ENGILBERTO,M
ENGINEER,M
ENGRACIA,F
ENGRACIO,M
ENIEGO,M
ENLAM,M
ENOC,M
ENOY,M
ENOZARIO,M
ENRICO,M
ENRIQUE,M
ENRIQUETA,F
ENRIQUETO,M
ENRIQUIETA,F
ENRIQUITA,F
ENRIQUITO,M
ENRITA,F
ENRY,M
ENTE,M
ENTENG,M
ENTING,M
ENTIQUIO,M
ENTOY,M
ENYE,M
ENZO,M
EPAY,F
EPE,F
EPEW,F
EPHER,M
EPHRAIM,M
EPI,F
EPIE,M
EPIFANIA,F
EPIFANIO,M
EPIMACO,M
EPIN,F
EPING,M
EPITACIO,M
EPOY,M
ERA,F
ERALIN,F
ERANO,M
ERASMO,M
ERBAN,M
ERCE,F
ERDIE,M
ERDING,M
ERDIO,M
ERDOLFA,F
ERDOLFO,M
ERDUL,F
ERDULFA,F
ERDY,M
ERE,M
ERECH,M
ERIBERTO,M
ERIC,M
ERICK,M
ERICKSON,M
ERICO,M
ERICSON,M
ERIE,M
ERIEL,M
ERIK,M
ERIKA,F
ERINEO,M
ERING,M
ERISTEO,M
ERIZALDY,M
ERKKI,M
ERLANDO,M
ERLENITA,F
ERLINA,F
ERLINDA,F
ERLINDO,M
ERLINITO,M
ERLITO,M
ERLON,M
ERLPE,M
ERLYNNE,F
ERMA,F
ERMALINE,F
ERMALITA,F
ERMAR,M
ERMEDA,F
ERMELITA,F
ERMIAN,M
ERMIN,M
ERNA,F
ERNANI,M
ERNANY,M
ERNELINA,F
ERNEST,M
ERNESTO,M
ERNIDA,F
ERNIDO,M
ERNIE,M
ERNILO,M
ERNING,M
ERNITA,F
ERNNEST,M
ERODITO,M
EROL,M
EROS,M
ERROL,M
ERSON,M
ERUSTO,M
ERVAL,M
ERVE,M
ERVIE,M
ERVIN,M
ERWIN,M
ERWINA,F
ERWINIO,M
ERZON,M
ESAY,F
ESBOY,M
ESCO,M
ESEE,M
ESEL,M
ESKIE,M
ESLAO,M
ESMA,M
ESMAEL,M
ESMAIL,M
ESMENIA,F
ESMENIO,M
ESMERALDA,F
ESMERALDO,M
ESMIE,F
ESNAIRA,F
ESONG,M
ESPERANZA,F
ESPERIDION,M
ESPIE,F
ESSEX,M
ESTACIO,M
ESTANISLA,F
ESTANISLAO,M
ESTARLITO,M
ESTARTONICO,M
ESTEBAN,M
ESTEFANIA,F
ESTEFANIE,F
ESTEFANIO,M
ESTELA,F
ESTELITA,F
ESTELITO,M
ESTER,F
ESTERLINA,F
ESTERLITA,F
ESTHER,F
ESTONG,M
ESTONILO,M
ESTOY,M
ESTRELIA,F
ESTRELITA,F
ESTRELLA,F
ETANG,F
ETCHEL,F
ETE,M
ETHEL,F
ETI,M
ETIK,M
ETING,M
ETO,M
ETONG,M
ETOT,M
EU,M
EUDES,M
EUDOXIO,M
EUFEMIA,F
EUFEMIO,M
EUFRACIO,M
EUFRACITO,M
EUFRANIO,M
EUFROCINO,M
EUFRONIO,M
EUFROSINO,M
EUGEN,M
EUGENE,M
EUGENIA,F
EUGENIANO,M
EUGENIO,M
EUGINE,M
EULA,F
EULALIA,F
EULALIO,M
EULOGIO,M
EUMIR,M
EUNES,F
EUNICE,F
EUNIZEL,F
EUSEBIO,M
EUSTACIO,M
EUSTAQUIO,M
EUTIQUIA,F
EUTIQUIO,M
EUTROPIO,M
EVA,F
EVACUETO,M
EVALINA,F
EVAN,M
EVANGELINA,F
EVANGELINE,F
EVANGELITO,M
EVARISTO,M
EVAVIL,F
EVELINDA,F
EVELIO,M
EVELLO,M
EVELYN,F
EVERDA,F
EVERESTO,M
EVERTH,M
EVERTO,M
EVITA,F
EX,M
EXALTACION,F
EXCEL,M
EXEQUEL,M
EXEQUIEL,M
EXMILA,F
EXPEDITA,F
EXPEDITO,M
EXSUR,M
EXUPERIO,M
EYET,M
EYING,M
EYONG,M
EYOY,M
EZEKIEL,M
EZEL,F
EZER,M
EZZEDDIN,M
EZZEL,M
FABIAN,M
FABIO,M
FABITO,M
FAHAD,M
FAHID,M
FAIROZY,F
FAISAL,M
FAITH,F
FAIZAL,M
FALIN,M
FALSIDAR,M
FANCIE,F
FANNY,F
FARAH,F
FARHANA,F
FARIDA,F
FARIS,M
FARLEY,M
FAROUCK,M
FAROUK,M
FARRAH,F
FARRIDAH,F
FASHIER,M
FATHMA,F
FATIMA,F
FAUSTINO,M
FAUSTO,M
FAWA,M
FAY,F
FAYE,F
FAYINNA,F
FE,F
FEA,F
FEBE,F
FEDDIE,M
FEDEMAR,M
FEDERICO,M
FEDLEMIDO,M
FEI,F
FEL,M
FELIBERTO,M
FELICIANA,F
FELICIANO,M
FELICIDAD,F
FELICIO,M
FELICISIMA,F
FELICISIMO,M
FELICITA,F
FELICITAS,F
FELICITO,M
FELIJUR,M
FELIMON,M
FELINA,F
FELINO,M
FELIPA,F
FELIPE,M
FELISA,F
FELISBERTO,M
FELISMENO,M
FELITA,F
FELIX,M
FELIXBERTA,F
FELIXBERTO,M
FELIXFIFACION,M
FELIXNALDO,M
FELIZA,F
FELIZARDO,M
FELMA,F
FELMAR,M
FELMORE,M
FELOMINA,F
FELOMINO,M
FELPA,F
FELSIE,F
FELY,F
FEMARDO,M
FEMY,F
FENY,M
FER,M
FERDAUSIA,F
FERDI,M
FERDIE,M
FERDINANAD,M
FERDINAND,M
FERDY,M
FERDZ,M
FERLIND,M
FERLORMINO,M
FERMIA,F
FERMIN,M
FERNALD,M
FERNAN,M
FERNAND,M
FERNANDEZ,M
FERNANDITO,M
FERNANDO,M
FERNE,M
FHAISAL,M
FIANZO,M
FIDA,F
FIDEL,M
FIDELA,F
FIDELINO,M
FIDELITO,M
FIDENCIO,M
FIDILRETO,M
FILADELFO,M
FILCON,M
FILEMON,M
FILIBRICO,M
FILIPINA,F
FILIPINO,M
FILMA,F
FILOMENA,F
FILOMENO,M
FILOMERTO,M
FILOTEO,M
FINA,F
FITGERALD,M
FJ,M
FLAKY,M
FLARO,M
FLAVIANO,M
FLAVIO,M
FLERIDA,F
FLINTON,M
FLOCER,F
FLOCHEBEL,F
FLORA,F
FLORABEL,F
FLORANTE,M
FLORCELIE,F
FLORDELINO,M
FLORDELIO,M
FLORDELIS,F
FLORDELIZ,F
FLORDELIZA,F
FLORDELYN,F
FLORECER,M
FLORECITA,F
FLOREFEL,M
FLOREN,M
FLORENCIA,F
FLORENCIO,M
FLORENCITO,M
FLORENDA,F
FLORENDO,M
FLORENIO,M
FLORENITA,F
FLORENITO,M
FLORENTINA,F
FLORENTINO,M
FLORENZ,M
FLOREPES,F
FLORES,F
FLORESCA,F
FLORESTO,M
FLORETO,M
FLORGELIO,M
FLORIAN,M
FLORIANO,M
FLORIDA,F
FLORIDEL,M
FLORIDO,M
FLORIE,M
FLORIFE,F
FLORINDA,F
FLORINIO,M
FLORIPINAS,F
FLORITA,F
FLORITAMARIETTA,F
FLORITO,M
FLORO,M
FLORY,F
FLOS,F
FLOTER,M
FLOY,M
FLOYD,M
FMALANDY,M
FOG,M
FORD,M
FORTUNATA,F
FORTUNATO,M
FOURTH,M
FRADZMER,M
FRAGEN,M
FRAINCESS,F
FRANCE,M
FRANCES,F
FRANCHGIL,M
FRANCIA,F
FRANCIANO,M
FRANCIS,M
FRANCISCA,F
FRANCISCO,M
FRANCISVIC,M
FRANCO,M
FRANITO,M
FRANK,M
FRANKIE,M
FRANKLIN,M
FRANKLYN,M
FRANKWILNER,M
FRANQUILINO,M
FRASAN,M
FRASHALE,M
FRAULIN,M
FRED,M
FREDDERICK,M
FREDDIE,M
FREDDY,M
FREDELINO,M
FREDERICK,M
FREDESWINDO,M
FREDIMEL,M
FREDIMEN,M
FREDISON,M
FREDLANDER,M
FREDO,M
FREDOLINO,M
FREDRICK,M
FREDY,M
FREICHE,F
FREIDA,F
FREN,M
FRENZ,M
FRES,M
FRIAS,M
FRICH,M
FRIE,M
FRINCE,M
FRISCO,M
FRITCEL,F
FRITZ,M
FRITZIE,F
FROILAN,M
FROLIBAR,M
FROLINE,F
FROY,M
FROYLAN,M
FRUCTUOSO,M
FRUTO,M
FUENTES,M
FULGEN,M
FULGENCIO,M
FULMARK,M
FULTON,M
GABBY,M
GABIN,M
GABINO,M
GABNULANG,M
GABREIL,M
GABRIEL,M
GABRIELLE,F
GADER,M
GADWIN,M
GAFFAR,M
GAGA,M
GAGAO,M
GAGAY,F
GAIL,M
GAJER,M
GALA,M
GALAHAD,M
GALBONG,M
GALEN,M
GALIB,M
GALIC,M
GALICANO,M
GALILEO,M
GALLY,M
GALO,M
GALWAS,M
GAMAL,M
GAMALIEL,M
GAMALIELA,F
GAMAR,M
GAMASSY,M
GAMBAI,M
GANASE,M
GANDA,F
GANDAWALI,M
GANGGANG,M
GANI,M
GANIT,F
GAPHUR,M
GAPOR,M
GAPS,M
GARD,M
GARDE,M
GARDO,M
GAREY,M
GARI,M
GARNER,M
GARRY,M
GARY,M
GASAM,M
GASEVA,F
GASPAR,M
GASTON,M
GAUDENCIO,M
GAUDILLA,F
GAUDIOSO,M
GAVI,M
GAVINO,M
GAW,M
GAYA,F
GAYING,F
GAYLORD,M
GAYNOR,F
GAYU,M
GAZO,M
GCA,F
GEE,M
GEEFRE,M
GEGE,F
GEILORD,M
GELACIO,M
GELD,M
GELIT,F
GELLY,F
GELO,M
GEMA,F
GEMAR,M
GEMETRIO,M
GEMILIANO,M
GEMINIANO,M
GEMINO,M
GEMMA,F
GEMMABEL,F
GEMSON,M
GEMYNADOR,M
GENARO,M
GENATO,M
GENDEN,M
GENE,M
GENEDINA,F
GENELITA,F
GENELYN,F
GENER,M
GENERAL,M
GENEROSA,F
GENEROSO,M
GENESIS,M
GENEVIEVE,F
GENEVIVE,F
GENGEN,M
GENIO,M
GENITH,F
GENITO,M
GENNYFER,M
GENOVEVA,F
GENUINE,M
GENUS,M
GENY,F
GEODEGUIL,M
GEOFFREY,M
GEORDIL,M
GEORGE,M
GEORGELIN,F
GEORGETTE,F
GEORGIA,F
GEORGIANA,F
GEORGINA,F
GEORGITA,F
GER,M
GERALD,M
GERALDFORD,M
GERALDINE,F
GERALDO,M
GERALYN,F
GERANDY,M
GERANY,M
GERARD,M
GERARDO,M
GERE,M
GERICK,M
GERINO,M
GERKY,M
GERLIE,F
GERMA,F
GERMAINE,F
GERMAN,M
GERMELINA,F
GERMELINO,M
GERMILO,M
GERMINALDO,M
GERMINIO,M
GERMY,F
GEROLD,M
GEROLDO,M
GEROME,M
GERON,M
GERONIMO,M
GERPE,M
GERRY,M
GERRYBOY,M
GERRYL,M
GERSHOM,M
GERSHON,M
GERSON,M
GERTRUDE,F
GERTRUDES,F
GERUNDIA,F
GERUNDIO,M
GERVACIO,M
GERVALIETO,M
GERWIN,M
GERYMAR,M
GETERITO,M
GETOLIO,M
GETULIO,M
GHALIB,M
GHEL,F
GHING,F
GHOGO,M
GIA,F
GIACOMO,M
GIAN,M
GIBSON,M
GIDEON,M
GIDO,M
GIE,M
GIGI,F
GIGIG,M
GIL,M
GILA,F
GILBERT,M
GILBERTO,M
GILBEYS,M
GILDA,F
GILDERALDO,M
GILDO,M
GILDOK,M
GILDONG,M
GILLES,M
GILLIAN,F
GILMAR,M
GILMARIE,F
GILROY,M
GIMA,F
GIMO,M
GINA,F
GINALINE,F
GINALYN,F
GINES,M
GING,F
GINGER,M
GINGGING,F
GINO,M
GINOABAYA,M
GINOCLEM,M
GIO,M
GIOVANI,M
GIOVANNE,M
GIOVANNEBEBOY,M
GIOVANNI,M
GIOVANNY,M
GIOVY,M
GIRLIE,F
GIRLY,F
GIVEL,F
GJ,M
GLADELYN,F
GLADWIN,M
GLADY,F
GLADYS,F
GLAIZA,F
GLECERIA,F
GLECERIO,M
GLECY,F
GLEEN,M
GLEN,M
GLENDA,F
GLENDALE,F
GLENDON,M
GLENFORD,M
GLENN,M
GLENND,M
GLENNSON,M
GLENNY,F
GLENSON,M
GLICERIA,F
GLICERIO,M
GLIVIN,F
GLOPHIE,F
GLORIA,F
GLORIOSO,M
GLORY,F
GLY,F
GODFREY,M
GODIARDO,M
GODIE,M
GODOBERTO,M
GODOFREDA,F
GODOFREDO,M
GODY,M
GOGONG,M
GOGOY,M
GOITO,M
GOLD,M
GOLDA,F
GOLDIE,F
GOLDWYN,M
GOLDYLUCK,F
GOMER,M
GOMERCINDO,M
GOMERSINDO,M
GONA,M
GONGGONG,M
GONY,M
GONZALO,M
GOODY,M
GORDON,M
GORGONIO,M
GORING,F
GOTO,M
GOY,M
GR,M
GRACE,F
GRACELDA,F
GRACELYN,F
GRACIA,F
GRACIANO,M
GRACIELA,F
GRADY,M
GRAHAM,M
GRANDE,M
GRANDEL,M
GRECILLE,F
GREG,M
GREGG,M
GREGGY,M
GREGORIA,F
GREGORIO,M
GREGORY,M
GREGSON,M
GREMAN,M
GRETA,F
GRETCHEL,F
GRETCHEN,F
GRETEL,F
GRINGGO,M
GUADA,F
GUADALUPE,F
GUALBERTO,M
GUALCON,M
GUAN,M
GUARDIANO,M
GUARDSON,M
GUDING,M
GUENDOLIN,F
GUENN,F
GUERRILLETO,M
GUIA,F
GUIADZURI,M
GUIAHAREA,F
GUIALUSON,M
GUIAMAL,M
GUIAMALUDIN,M
GUIAMEL,M
GUIDION,M
GUIDO,M
GUILBERT,M
GUILBERTCH,M
GUILBERTO,M
GUILFRED,M
GUILING,M
GUILL,M
GUILLER,M
GUILLERMA,F
GUILLERMO,M
GUIMBA,M
GUINAID,M
GULAM,M
GUMER,M
GUMERSINDO,M
GUNGUN,M
GUS,M
GUSTAVO,M
GUTO,M
GUY,M
GWEN,F
GWENDOLYN,F
GWIN,M
GWYNN,M
GYNNYN,F
GYPSIE,F
GYZZYN,M
HABER,M
HABIB,M
HABSHAN,M
HACKETT,M
HADAR,M
HADI,M
HADIE,M
HADJA,F
HADJASALIHA,F
HADJES,M
HADJIAKIEL,M
HADJIE,M
HADRIAN,M
HADZRI,M
HAFIDAH,F
HAFIZ,M
HAIBER,M
HAIDE,F
HAIDEE,F
HAIDER,M
HAIDIR,M
HAILANI,M
HAILEY,M
HAIRA,F
HAIRAL,M
HAIRONI,M
HAJAN,M
HAJAR,M
HAJARAH,F
HAJIJA,F
HAJIMULLA,M
HAJIRUN,M
HAJJI,M
HAKIM,M
HALEN,M
HALIMA,F
HALKIN,M
HALMIE,M
HALUN,M
HAMABAR,M
HAMAD,M
HAMDANI,M
HAMDANIE,M
HAMDI,M
HAMILCAR,M
HAMILTON,M
HAMIM,M
HAMINIE,M
HAMIRIN,M
HAMOR,F
HAMSA,F
HAMZA,M
HANA,F
HANAFI,M
HANALYN,F
HANAN,F
HANDY,M
HANERA,F
HANEYA,F
HANIE,M
HANIEF,M
HANIEL,M
HANIFA,F
HANN,M
HANNA,F
HANNAH,F
HANNIBAL,M
HANNILEE,F
HANON,M
HANS,M
HANTE,M
HAPIJA,F
HAPON,M
HARAJI,M
HARBIE,M
HARDY,M
HARID,M
HARIETO,M
HARIM,M
HARIPA,F
HARIS,M
HARLAN,M
HARLEY,M
HARLOD,M
HARMES,M
HARMON,M
HARNIE,M
HAROL,M
HAROLD,M
HAROLDHOWARD,M
HARON,M
HAROUN,M
HARRIET,M
HARRIS,M
HARRISON,M
HARRISTANG,M
HARRY,M
HART,M
HARUN,M
HARVEY,M
HASAN,M
HASANAL,M
HASANODEN,M
HASANOR,M
HASBI,M
HASHIM,M
HASSAN,M
HASSANOR,M
HATAIE,M
HATAW,M
HATO,M
HATTA,M
HATTAH,M
HATTAM,M
HAVERDANI,M
HAYATI,F
HAYDE,F
HAYDEE,F
HAYDIE,F
HAYRA,F
HAZEL,F
HAZIM,M
HAZZEL,F
HAZZI,M
HB,M
HEARTY,F
HEBE,F
HECKERT,M
HECTOR,M
HEDDO,M
HEDJARA,F
HEDJARAH,F
HEDY,F
HEGENIO,M
HEIDEE,F
HEIDI,F
HEINRICH,M
HELARIO,M
HELBERT,M
HELEN,F
HELENA,F
HELENIO,M
HELIE,F
HELIODORO,M
HELSON,M
HENE,M
HENEDINA,F
HENERITO,M
HENIO,M
HENREY,M
HENRICH,M
HENRICO,M
HENRIETTA,F
HENRY,M
HENSTON,M
HERACLEO,M
HERACLIO,M
HERALD,M
HERALDO,M
HERANNIE,F
HERBERT,M
HERBERTO,M
HERBIE,M
HERCLEO,M
HERCULES,M
HERCULIO,M
HERDAN,M
HERIBERTO,M
HERJAN,M
HERJHUN,M
HERLITO,M
HERLO,M
HERMAN,M
HERMANA,F
HERMENEGILDO,M
HERMENIA,F
HERMENIGILDO,M
HERMENIO,M
HERMES,M
HERMICIO,M
HERMIE,M
HERMILANDO,M
HERMILO,M
HERMIN,M
HERMINIA,F
HERMINIGILDA,F
HERMINIGILDO,M
HERMINIO,M
HERMIS,M
HERMOGENES,M
HERMOSO,M
HERMOT,M
HERNALYN,F
HERNAN,M
HERNAND,M
HERNANDO,M
HERNANE,M
HERNANI,M
HERNANIE,M
HERNANITA,F
HERNANY,M
HERNES,M
HERO,M
HERODOTUS,M
HERODUTOS,M
HEROE,M
HERSHEY,F
HERSON,M
HERVAL,M
HERVILLE,M
HESTER,M
HIDALGO,M
HIDAYA,F
HIEDE,F
HIGINO,M
HILARIA,F
HILARIETO,M
HILARIO,M
HILARION,M
HILARITO,M
HILDA,F
HILDEYARDO,M
HILOHILO,M
HILOT,M
HIPOLITO,M
HIRAM,M
HISHAM,M
HIYASMIN,F
HIYO,M
HJA,F
HOAWARD,M
HOLDEN,M
HOLLAND,M
HOLLIS,M
HOMA,M
HOMAID,M
HOMBER,M
HOMER,M
HOMOBONO,M
HONESTO,M
HONEYBELLE,F
HONEYBOY,M
HONEYLET,F
HONEYLOVE,F
HONOFRE,M
HONOLULU,M
HONORATA,F
HONORATO,M
HONORIO,M
HONORLITO,M
HORACE,M
HORACIO,M
HORBIDEZ,M
HOSNEY,M
HOSNI,M
HOSNIE,M
HOSPICIO,M
HOWARD,M
HOWELL,M
HP,F
HUBBERT,M
HUBERT,M
HUBERTO,M
HUDAIRI,M
HUJAIFA,F
HULGAR,M
HUMAID,M
HUMBERTO,M
HUMERLITO,M
HUMPHREY,M
HURAIMA,F
HUSIN,M
HUSNA,F
HUSSAIN,M
HUSSEIN,M
HUSSIEN,M
HUSSIN,M
HYACINTH,M
HYDIE,F
HYGELAC,M
HYNA,F
HYRONE,M
HYXIL,F
IAN,M
IBANDIO,M
IBARRA,M
IBET,M
IBNO,M
IBNUHAR,M
IBNUL,M
IBRA,M
IBRAHIM,M
IBS,M
IC,M
ICHI,F
ICOLE,F
IDA,F
IDAL,M
IDAY,F
IDE,M
IDERLINA,F
IDJAM,F
IDOL,M
IDRIS,M
IGGY,M
IGI,M
IGIG,M
IGMEDIA,F
IGMEDIO,M
IGNACIO,M
IKE,M
IKEL,M
IKIE,M
IKO,M
IKONG,M
ILDEBRANDO,M
ILDEFONSO,M
ILDY,M
ILONAH,F
ILOY,M
ILUMINADA,F
ILUMINADO,M
IMBOK,M
IMEE,F
IMELDA,F
IMELYN,F
IMMANUEL,M
IMONG,M
IMRAKI,M
INA,F
INDANAN,M
INDAY,F
INDAYGRACE,F
INDAYLOU,F
INDAYTIGTIG,F
INDEPENDENCIO,M
INDIRA,F
INDO,M
INDOSIA,F
INDOY,M
INECITO,M
INENG,F
INGATUN,M
INGGA,M
INGRID,F
INIGO,M
INJIL,M
INOCASIO,M
INOCENCIA,F
INOCENCIO,M
INOCENTES,M
INOD,M
INOG,M
INONG,M
INOY,M
INSIK,M
INSIT,F
INSO,M
INTING,M
INTIZHAR,F
INTOY,M
INTSIKA,F
INYONG,M
ION,M
IPANG,F
IPE,M
IPEH,M
IREN,F
IRENE,F
IRENEA,F
IRENEO,M
IRENIO,M
IRENO,M
IRICK,M
IRINEO,M
IRIS,F
IRISH,F
IRMA,F
IRVIN,M
IRVING,M
IRWIN,M
IRYN,F
IRYNE,F
IRYO,M
ISAAC,M
ISABEL,F
ISABELITA,F
ISABELITO,M
ISABELO,M
ISAGANE,M
ISAGANI,M
ISAIAS,M
ISARME,M
ISHMAEL,M
ISIDORE,M
ISIDORO,M
ISIDRA,F
ISIDRO,M
ISKO,M
ISKUL,M
ISMAEL,M
ISMERALDO,M
ISMUNLATIP,M
ISNAEERA,F
ISNIA,M
ISNIRUL,M
ISOCELES,M
ISOL,M
ISONG,M
ISOT,M
ISRAEL,M
ISSEL,F
ITCHIE,M
ITCHOR,M
ITHAMAR,M
ITIK,M
ITO,M
ITOK,M
ITONG,M
ITOT,M
ITOY,M
ITSAD,M
IVAN,M
IVANI,M
IVAR,M
IVEE,F
IVI,F
IVO,M
IVY,F
IYO,M
IZU,M
J,M
JAAFAR,M
JAAPAL,M
JAB,M
JABAR,M
JABBAL,M
JABBAR,M
JABBER,M
JABER,M
JABI,M
JABIB,M
JABIR,M
JABOY,M
JACINTA,F
JACINTH,M
JACINTO,M
JACK,M
JACKARIA,M
JACKJACK,M
JACKLORD,M
JACKLYN,F
JACKSON,M
JACKY,M
JACO,M
JACOB,M
JACOBO,M
JACQUELINE,F
JACRIS,M
JADIEL,M
JADZLEE,M
JAEDEE,F
JAEDICKE,M
JAFET,M
JAFF,M
JAG,M
JAGLUCERO,M
JAICA,F
JAIL,M
JAIMAN,M
JAIMAR,M
JAIME,M
JAINAB,F
JAINAL,M
JAINODEN,M
JAIRO,M
JAIRUS,M
JAJA,F
JAJIE,M
JAKARTA,M
JAKE,M
JAKIE,F
JAKIRI,M
JALAL,M
JALANDONI,M
JALANI,M
JALANIE,M
JALIL,M
JALILA,F
JALILAH,F
JALING,F
JALLAINIE,M
JALLOUD,M
JAMAEL,M
JAMAIL,M
JAMAL,M
JAMALI,M
JAMALIA,F
JAMALODEN,M
JAMALODIN,M
JAMALON,M
JAMAR,M
JAMAYNE,F
JAME,M
JAMECCA,F
JAMEL,M
JAMEMAH,F
JAMEN,M
JAMERE,M
JAMES,M
JAMHARI,M
JAMIEL,M
JAMIL,M
JAMILA,F
JAMILLE,F
JAMJAM,M
JAMON,M
JAMRA,F
JAMUEL,M
JAN,M
JANE,F
JANEM,M
JANERO,M
JANET,F
JANETH,F
JANETTE,F
JANEWILL,F
JANICE,F
JANIE,M
JANIECE,F
JANIFA,F
JANILY,M
JANINA,F
JANINE,F
JANIO,M
JANIREY,M
JANITO,M
JANIUS,M
JANJALANI,M
JANJAN,M
JANMART,M
JANN,M
JANNAH,F
JANNES,M
JANNET,F
JANNETH,F
JANNINA,F
JANNO,M
JANNSEN,F
JANNUS,M
JANO,M
JANPAC,M
JANREY,M
JANRIE,M
JANRIS,M
JANSEN,M
JANSSEN,M
JANUARIO,M
JANUARY,M
JANUS,M
JANUVER,M
JANVI,M
JANY,M
JAO,M
JAP,M
JAPAL,M
JAPAR,M
JAPE,M
JAPHITH,M
JAPJAP,M
JAPOY,M
JAPPY,M
JARED,M
JARIDA,F
JARLEM,M
JARRY,M
JARVEY,M
JARVIS,M
JARY,M
JASEM,M
JASHIM,M
JASMIN,F
JASMINE,F
JASON,M
JASPER,M
JASSIE,M
JAVI,M
JAVIER,M
JAY,M
JAYAR,M
JAYBEE,M
JAYCEL,F
JAYDEEFAR,M
JAYE,M
JAYFFREY,M
JAYFRANCIS,M
JAYHAN,F
JAYHARLEY,M
JAYJAY,M
JAYKEE,M
JAYL,F
JAYLEN,M
JAYMAR,M
JAYNE,F
JAYNER,M
JAYPEE,M
JAYPONG,M
JAYR,M
JAYROLD,M
JAYSON,M
JAYVE,M
JAYVEE,M
JAYVIE,M
JAZEL,M
JAZZEL,M
JAZZY,F
JB,M
JC,M
JD,M
JE,M
JEAN,F
JEANA,F
JEANALYN,F
JEANE,F
JEANETTE,F
JEANEZ,F
JEANIE,F
JEANNA,F
JEANNE,F
JEANNETTE,F
JEANNIE,F
JEASA,F
JEASER,F
JEBEE,F
JEBOY,M
JECA,F
JECHONIAS,M
JECNIE,M
JECYL,F
JED,M
JEDALYN,F
JEDDY,M
JEDI,M
JEDITO,M
JEDY,M
JEFF,M
JEFFERLIN,M
JEFFERSON,M
JEFFREY,M
JEFFRICH,M
JEFFRIE,M
JEFFRY,M
JEFRE,M
JEFREY,M
JEG,M
JEGGER,M
JEGIE,F
JEHAN,F
JEJE,M
JEJOMAR,M
JEKJEK,M
JEL,M
JELINE,F
JELLENITO,M
JELSON,M
JELYN,F
JEM,M
JEMAIMA,F
JEMAR,M
JEMAROSE,F
JEMELITA,F
JEMELO,M
JEMJEM,M
JEN,F
JENBOY,M
JENDRICKS,M
JENE,M
JENELYN,F
JENERWIN,M
JENG,M
JENGHIZ,M
JENIELYN,F
JENIFER,M
JENIFFER,F
JENIL,M
JENITH,F
JENITO,M
JENJEN,F
JENNALYN,F
JENNEFER,M
JENNELYN,F
JENNICE,F
JENNIE,F
JENNIFER,F
JENNIL,M
JENNILENE,F
JENNY,F
JENNYLIN,F
JENNYLYN,F
JENRA,F
JENRY,M
JENSEN,M
JENZY,M
JEOFFREY,M
JEOFFY,M
JEOFREY,M
JEOLITO,M
JEORGE,M
JEOVY,F
JEPHTHAH,F
JEPO,M
JERAHMEEL,M
JERALD,M
JERAND,M
JERAZIL,F
JEREME,F
JEREMIAH,M
JEREMIAS,M
JEREMY,M
JEREWICO,M
JERHAM,M
JERI,F
JERIC,M
JERICHO,M
JERICK,M
JERICO,M
JERIEL,M
JERIMAR,M
JERITO,M
JERJER,M
JERKYLL,M
JERLY,M
JERMAD,M
JERNIL,M
JEROLD,M
JEROME,M
JEROMY,M
JERRIME,M
JERRY,M
JERSON,M
JERUM,M
JERVIN,M
JERWIN,M
JERWYN,M
JES,M
JESAH,F
JESCELO,M
JESCIEL,M
JESELIE,F
JESHA,F
JESIE,M
JESLITO,M
JESON,M
JESPHER,M
JESRY,M
JESRYL,M
JESS,M
JESSA,F
JESSAMYN,F
JESSE,M
JESSEBOY,M
JESSEL,F
JESSICA,F
JESSIE,M
JESSIEMIRO,M
JESSNAR,M
JESSON,M
JESSU,M
JESTER,M
JESTONI,M
JESULITO,M
JESUS,M
JESUSA,F
JESUSIMA,F
JESUSIMO,M
JESUSITA,F
JESUSITO,M
JET,M
JETHRO,M
JETJET,M
JETRAN,M
JETRO,M
JETT,M
JEWAR,M
JEWEL,F
JEY,M
JEYANNE,F
JEYR,M
JEYRICK,M
JEYSON,M
JEZEBEL,F
JEZELINDO,M
JEZREEL,M
JEZREL,M
JHA,M
JHABER,M
JHAIDA,F
JHAJA,F
JHAYSON,M
JHEMAR,M
JHEPEDY,M
JHERWIN,M
JHIE,F
JHOAN,F
JHOANA,F
JHOANNA,F
JHON,M
JHONA,F
JHONAS,M
JHONG,M
JHONNIE,M
JHONNY,M
JHONY,M
JHOSEP,M
JHOSUA,M
JHUM,M
JHUN,M
JHUNE,M
JHUNIE,M
JIAPAR,M
JICKY,M
JIFF,M
JIG,F
JIGGER,M
JIGGS,M
JIGGY,M
JIGJIG,F
JIGNET,F
JIGO,M
JIGS,M
JIHAN,F
JIJIE,F
JILSON,M
JIM,M
JIMBO,M
JIMBOY,M
JIMJIM,M
JIMLO,M
JIMMIE,M
JIMMY,M
JIMSON,M
JIMUEL,M
JINAL,M
JINCKY,F
JINDI,M
JINDO,M
JINGGAY,F
JINGGOY,M
JINKEE,F
JINKY,F
JINNUL,M
JIVY,M
JJ,M
JK,M
JL,M
JM,M
JMARK,M
JOAHNNES,M
JOAL,M
JOAM,F
JOAN,F
JOANA,F
JOANN,F
JOANNA,F
JOANNE,F
JOAQUIN,M
JOAR,M
JOAZ,M
JOB,M
JOBBY,M
JOBERT,M
JOBOY,M
JOBY,M
JOCEL,M
JOCELL,F
JOCELLE,F
JOCELMONAY,M
JOCELY,F
JOCELYN,F
JOCY,F
JODALYNE,F
JODEA,F
JODEL,M
JOE,M
JOEAN,F
JOEBEL,M
JOEBEN,M
JOEBER,M
JOEBERT,M
JOEBET,M
JOEBOY,M
JOECARD,M
JOECEL,M
JOEDEL,M
JOEDELL,M
JOEDITH,M
JOEFEL,M
JOEFFREY,M
JOEFREY,M
JOEJET,F
JOEL,M
JOELEO,M
JOELITO,M
JOELLE,F
JOELLY,M
JOELU,M
JOEMAR,M
JOEMARIE,M
JOEME,M
JOEMEL,M
JOEMER,M
JOEMILIA,F
JOEN,M
JOENAN,M
JOENEL,M
JOENES,M
JOENIME,M
JOENITO,M
JOENLEE,F
JOEPER,M
JOEPET,M
JOEPHIL,M
JOEPRE,M
JOEREY,M
JOETERRY,F
JOEVEN,M
JOEVENUS,M
JOEVIC,M
JOEVIN,M
JOEWEL,M
JOEY,M
JOFE,M
JOFEL,F
JOFELINA,F
JOFFREY,M
JOFRE,M
JOGANIE,M
JOGON,M
JOHAIBER,M
JOHAIPA,M
JOHAIRA,F
JOHANES,M
JOHANISAH,F
JOHANNA,F
JOHANNES,M
JOHANY,F
JOHARI,M
JOHARIE,M
JOHARY,M
JOHAYR,M
JOHN,M
JOHNAB,M
JOHNARD,M
JOHNAS,M
JOHNATAN,M
JOHNERIE,M
JOHNERO,M
JOHNJOHN,M
JOHNLY,M
JOHNMARK,M
JOHNNY,M
JOHNNYFLORES,M
JOHNRIEL,M
JOHNSON,M
JOHNWELL,M
JOHNWILMER,M
JOHNY,M
JOHNYREI,M
JOIE,F
JOJAC,M
JOJE,M
JOJET,M
JOJIT,M
JOJO,M
JOKER,M
JOKJOK,M
JOKNO,M
JOLAMAR,M
JOLEOS,M
JOLET,M
JOLITO,M
JOLLY,M
JOLO,M
JOLOMAR,M
JOLY,M
JOMAI,M
JOMAR,M
JOMARI,M
JOMARIE,M
JOMARK,M
JOMBELINA,F
JOMEL,M
JOMER,M
JOMIC,M
JOMIL,M
JOMJOM,M
JON,M
JONABEL,F
JONAH,M
JONAID,M
JONAIR,M
JONAIRE,M
JONAL,M
JONALD,M
JONALETTE,F
JONALYN,F
JONAM,M
JONAN,M
JONARD,M
JONAS,M
JONATHAN,M
JONE,M
JONEL,M
JONELL,M
JONG,M
JONGJONG,M
JONIBOY,M
JONIE,M
JONIFER,M
JONIPER,M
JONJIE,M
JONJON,M
JONNA,F
JONNAH,M
JONNEL,M
JONNIE,M
JONNY,M
JONUMER,M
JOPET,M
JOPIE,M
JOPRE,M
JOQUINT,M
JORALD,M
JORDAN,M
JOREM,M
JOREN,M
JORGE,M
JORIBEL,M
JORIC,M
JORLAN,M
JORNIDO,M
JORVIE,M
JORY,M
JOSAN,M
JOSE,M
JOSEBOPK,M
JOSECOR,M
JOSEF,M
JOSEFA,F
JOSEFINA,F
JOSEFINO,M
JOSEFITO,M
JOSEFO,M
JOSEGUERRA,M
JOSEL,M
JOSELEO,M
JOSELING,M
JOSELINO,M
JOSELITO,M
JOSELLE,M
JOSELLER,M
JOSELMA,F
JOSEMARIE,M
JOSEPH,M
JOSEPHAT,M
JOSEPHINE,F
JOSEPHUS,M
JOSERES,M
JOSETTE,F
JOSEVAN,M
JOSEY,M
JOSH,M
JOSHUA,M
JOSHUR,M
JOSIE,F
JOSIELYN,F
JOSIENAR,M
JOSLYN,F
JOSSEL,M
JOSSIE,F
JOSUE,M
JOTHAM,M
JOTING,M
JOURDAN,M
JOURNY,M
JOVAL,M
JOVAN,M
JOVANNA,F
JOVANNI,M
JOVE,M
JOVEL,M
JOVELINA,F
JOVELINE,F
JOVELITO,M
JOVELLEN,F
JOVELYN,F
JOVEMAR,M
JOVEN,M
JOVENAL,M
JOVENCIO,M
JOVENTINO,M
JOVER,M
JOVERT,M
JOVEY,F
JOVI,M
JOVIC,M
JOVIMEL,M
JOVINA,F
JOVINO,M
JOVITA,F
JOVITO,M
JOVITS,M
JOVITTE,F
JOWAR,M
JOWIE,M
JOWIL,M
JOX,F
JOYAL,F
JOYBEL,F
JOYCE,F
JOYCEE,F
JOYLEEN,F
JOYLIM,F
JOYLYN,F
JP,M
JQ,M
JR,M
JTV,M
JUAN,M
JUANA,F
JUANARIO,M
JUANCHO,M
JUANIDY,M
JUANILLO,M
JUANITA,F
JUANITO,M
JUBAIRA,F
JUBAN,M
JUBANE,M
JUBER,M
JUBERT,M
JUDAHLEX,M
JUDDIN,M
JUDDINNUR,M
JUDE,M
JUDEL,M
JUDELYN,F
JUDETH,M
JUDITAS,F
JUDITH,F
JUDITO,M
JUDOR,M
JUDY,F
JUDYLYN,F
JUGIN,M
JUHAD,M
JUHAIL,M
JUHAR,M
JUL,M
JULADNAN,M
JULAMRI,M
JULAN,M
JULBAKAR,M
JULBARRI,M
JULBERT,M
JULECS,M
JULES,M
JULHANI,M
JULHARI,M
JULHATAB,M
JULIA,F
JULIAN,M
JULIANA,F
JULIANITO,M
JULIENNE,F
JULIER,M
JULIET,F
JULIETA,F
JULIETO,M
JULIEVER,M
JULIO,M
JULITA,F
JULITO,M
JULIUS,M
JULKIE,M
JULKIPLI,M
JULLIUS,M
JULLY,M
JULMORE,M
JULUIS,M
JULWAHID,M
JULY,M
JULYVEN,M
JUMAR,M
JUMARO,M
JUMAT,M
JUMBO,M
JUMEL,M
JUN,M
JUNA,F
JUNAED,M
JUNAFER,M
JUNAID,M
JUNAIDAH,F
JUNAIDE,M
JUNAIF,M
JUNAR,M
JUNARD,M
JUNARES,M
JUNB,M
JUNBAKA,M
JUNBIE,M
JUNBIRD,M
JUNCEE,M
JUNDAM,M
JUNDEL,M
JUNDI,M
JUNE,M
JUNEL,M
JUNELITO,M
JUNER,M
JUNETINE,M
JUNETTE,F
JUNEVELL,F
JUNEVISMIN,M
JUNFLOREN,M
JUNG,M
JUNGALS,M
JUNGIE,M
JUNIE,M
JUNIEMAY,F
JUNIO,M
JUNIOR,M
JUNIPER,M
JUNIPHER,M
JUNIS,M
JUNITO,M
JUNJIE,M
JUNJUN,M
JUNNEL,M
JUNNER,M
JUNNIE,M
JUNNIFER,M
JUNO,M
JUNPALE,M
JUNREY,M
JUNTHIR,M
JUNTOCLES,M
JUNWIL,M
JUPITER,M
JUPJUP,M
JURBARRI,M
JURDIN,M
JURGEN,M
JURIC,M
JURIS,M
JURLANDINO,M
JURLY,M
JURRY,M
JURUPIN,M
JURY,M
JUSSAC,M
JUSTIN,M
JUSTINA,F
JUSTINE,M
JUSTINIANO,M
JUSTINO,M
JUSTITO,M
JUSTO,M
JUSUEL,M
JUVENAL,M
JUVENIL,M
JUVIC,M
JUVIE,M
JUVILO,M
JUWILL,M
JV,M
JYGS,M
K,M
KA,M
KABAYAN,M
KABILADAS,M
KABIR,M
KADAFY,M
KADAPI,M
KADIR,M
KAGI,M
KAHARUDIN,M
KAI,F
KAILA,F
KAISER,M
KAJONG,M
KAKA,M
KAKAITINGKAP,M
KAKING,F
KALA,M
KALAHI,M
KALALAGAN,M
KALAM,M
KALIKOD,M
KALLEN,M
KALUBIDAN,M
KAMAGONG,M
KAMAL,M
KAMANDAG,M
KAMBAL,M
KAMID,M
KAMIDON,M
KAMSA,M
KANAPIA,M
KANDALVI,M
KANDRING,M
KANO,M
KAP,M
KAPDON,M
KAPGO,M
KAPITAN,M
KAPITANA,F
KAPON,M
KAPPITONG,M
KAREN,F
KARENNOK,F
KARIM,M
KARINA,F
KARISSA,F
KARL,M
KARLENE,M
KARLO,M
KARLOS,M
KARON,M
KARY,M
KARYN,F
KASAN,M
KASARAL,M
KASEY,F
KASH,M
KASHIM,M
KASIM,M
KASIRAN,M
KASMIN,M
KASTEN,M
KASUWAGI,M
KAT,F
KATE,F
KATH,F
KATHERINE,F
KATHLEEN,F
KATHLENE,F
KATHLYN,F
KATHRINA,F
KATHRINE,F
KATHRYN,F
KATHY,F
KATKAT,F
KATO,M
KATRINA,F
KATSA,M
KATSUPOY,M
KATYA,F
KAUTIN,M
KAY,F
KAYAMURA,M
KAYE,F
KAYONG,M
KAYRUD,M
KAZY,F
KD,M
KEANE,M
KEBOY,M
KEDTAYAK,M
KEDY,M
KEENE,M
KEESHA,F
KEIN,M
KEKING,F
KEKO,M
KELIE,M
KELLY,M
KELVIN,M
KEN,M
KENDRICK,M
KENETTE,M
KENKEN,M
KENN,M
KENNEDY,M
KENNETH,M
KENNY,M
KENT,M
KENTOL,M
KENYO,M
KEO,M
KERBY,M
KERI,M
KERKHAR,M
KERMA,F
KERR,M
KERRIE,F
KERT,F
KERVIN,M
KERWIN,M
KETCHIE,M
KEVIN,M
KEYSEAN,F
KHADAFFI,M
KHADAFFIE,M
KHADAFY,M
KHADAPI,M
KHADAR,M
KHADIJA,F
KHAIR,M
KHAIZAL,M
KHAIZAR,M
KHALID,M
KHALIDA,F
KHALIL,M
KHAMID,M
KHARIN,F
KHASAN,M
KHAYE,M
KHEM,M
KHEMAR,M
KHEN,M
KHEYO,M
KHIM,M
KHIRK,M
KHOKOK,M
KHOMEINI,M
KHOMINIE,M
KHRISTINE,F
KHYMER,M
KIBOT,M
KICHEL,F
KIDD,M
KIDLAT,M
KIEL,M
KIEN,M
KIEVEN,M
KIFLI,M
KIKAY,M
KIKING,M
KIKIRK,M
KIKO,M
KIKOY,M
KILA,M
KILAW,M
KIM,M
KIMAL,M
KIMBERLY,F
KIMBOY,M
KIMLIAN,F
KIMPEE,M
KINDATO,M
KINDRED,F
KING,M
KINGKONG,M
KINGSTON,M
KINING,M
KINTIN,M
KIO,M
KIRAM,M
KIRBY,M
KIRK,M
KIRYLL,M
KISIA,F
KISSES,F
KIT,M
KITIK,M
KITO,M
KITOY,M
KITTO,M
KK,M
KLING,F
KLONG,M
KOBE,M
KOKO,M
KOMTI,M
KON,M
KONRAD,M
KONS,M
KONSEHAL,M
KOY,M
KOYANG,M
KRISCHAN,M
KRISEL,F
KRISTAL,F
KRISTAN,M
KRISTEL,F
KRISTELLE,F
KRISTER,M
KRISTIAN,M
KRISTINE,F
KRISTOFFERSON,M
KRISYNTHIA,F
KROI,M
KROPECK,M
KRUWEL,M
KRYS,F
KT,F
KUATRO,M
KUBAL,M
KUBLAI,M
KUBLI,M
KULANING,F
KULAPU,M
KULAS,M
KULAW,M
KULEH,F
KULIN,F
KULOT,M
KUMALAH,F
KUMAR,M
KURO,M
KURT,M
KUSAIN,M
KUSIN,M
KUTING,M
KUYA,M
KUYAJ,M
KUYAMON,M
KUYOG,M
KUYOH,M
KV,F
KYABOY,M
KYNETH,M
KYRENE,F
L,M
LAARNI,F
LAARNIE,F
LABANG,M
LABI,F
LABIO,M
LABOR,M
LABOT,M
LABOY,M
LABUALAS,M
LACS,M
LACSAMAN,M
LACSON,M
LADIE,M
LADIMAR,M
LADIMER,M
LADISLAO,M
LADJAKALI,M
LADJID,M
LADY,F
LAHAR,M
LAHBAS,M
LAHMUDIN,M
LAICA,F
LAILA,F
LAILANIE,F
LAIRENZ,M
LAIRVEE,F
LAKAMBINI,F
LAKAN,M
LAKAY,M
LALA,F
LALAI,F
LALAINE,F
LALAO,M
LALEINE,F
LALEN,F
LALIM,M
LALINA,F
LALO,M
LALOY,M
LAMAR,F
LAMARGARITA,F
LAMBERTO,M
LAMPA,M
LAMPIN,M
LANCE,M
LANDER,M
LANDO,M
LANGCO,M
LANGGING,M
LANGGUM,F
LANGKOY,M
LANGLEY,M
LANI,F
LANIBEL,F
LANIE,F
LANIER,M
LANIFEL,F
LANILO,M
LANTO,M
LANY,F
LAONG,M
LAPID,M
LAPU,M
LAR,M
LARA,F
LARCY,F
LARIE,M
LARIS,F
LARISA,F
LARKY,M
LARRIETTE,F
LARRY,M
LARS,M
LARY,M
LASAD,M
LASARO,M
LATIPA,F
LAUBAN,M
LAUDEMER,M
LAUDIANO,M
LAURA,F
LAURE,M
LAUREANA,F
LAUREANO,M
LAUREL,M
LAURENCE,M
LAURENCIA,F
LAURENCIO,M
LAURENS,M
LAURENTINO,M
LAURETO,M
LAURITO,M
LAURO,M
LAW,M
LAWRENCE,M
LAYLA,F
LAYO,M
LAZARO,M
LEA,F
LEAH,F
LEAHLYN,F
LEAL,M
LEANDER,M
LEANDRO,M
LEBRILLO,M
LEEANNE,F
LEET,M
LEEVE,M
LEI,F
LEICESTER,M
LEIF,M
LEILA,F
LEILAH,F
LEILANI,F
LEIZEL,F
LEIZL,F
LEJABEN,M
LELA,F
LELAMEN,F
LELANE,F
LELANIE,F
LELANY,F
LELET,M
LELIA,F
LELINDA,F
LELING,F
LEM,F
LEMA,F
LEMIA,F
LEMIE,F
LEMUEL,M
LENA,F
LENARD,M
LENCIO,M
LENDELL,M
LENDYL,M
LENELITA,F
LENETTE,F
LENG,F
LENI,F
LENIE,F
LENIN,M
LENITA,F
LENLEN,F
LENNETH,F
LENNIE,F
LENTE,M
LENY,F
LEO,M
LEOBEL,M
LEOCADIA,F
LEOCADIO,M
LEOCIO,M
LEODEGARIO,M
LEODEL,M
LEODORO,M
LEODY,M
LEOMAR,M
LEOMY,F
LEON,M
LEONA,F
LEONALDO,M
LEONARD,M
LEONARDA,F
LEONARDO,M
LEONCHITO,M
LEONCIA,F
LEONCIO,M
LEONEL,M
LEONICIO,M
LEONIDA,F
LEONIDES,M
LEONIDO,M
LEONIE,F
LEONIGILDO,M
LEONILA,F
LEONILO,M
LEONISA,F
LEONITA,F
LEONITO,M
LEONOFRE,M
LEONOR,F
LEONORA,F
LEONORO,M
LEOPACITA,F
LEOPOLDO,M
LEOTERIDO,M
LEOVEGILDO,M
LEOVIC,M
LEOVIGILDO,M
LEOVILYN,F
LEOVINO,M
LEOVY,M
LEREN,F
LERINA,F
LERISA,F
LERMA,F
LERWIN,M
LES,F
LESEK,M
LESLEE,M
LESLIEJOY,F
LESME,M
LESMES,M
LESTER,M
LETECIA,F
LETICIA,F
LETTY,F
LETTYASIS,F
LETY,F
LEVI,M
LEVIN,M
LEVINSON,M
LEVY,M
LEX,M
LEXANDROS,M
LEXTER,M
LHONG,M
LI,M
LIAM,M
LIBBY,M
LIBERATA,F
LIBERATO,M
LIBERTAD,F
LIBERTY,F
LIBONG,M
LIBORIO,M
LIBOY,M
LIBRADA,F
LIBRADITA,F
LIBRADO,M
LICARION,M
LICEL,M
LICELLE,M
LICERIO,M
LICERNA,F
LICURGO,M
LICZAR,M
LIDIO,M
LIECEL,F
LIEZEL,F
LIEZL,F
LIGAYA,F
LIJUN,M
LIKLIK,F
LIL,M
LILAH,F
LILAND,F
LILETH,F
LILIA,F
LILIAN,F
LILIBETH,F
LILIOSA,F
LILIOSO,M
LILIT,F
LILITH,F
LILLIAN,F
LILVIR,M
LILY,F
LILYBETH,F
LILYN,F
LIMBAS,M
LIMTAJAR,M
LIMUEL,M
LIMWEL,M
LINA,F
LINANG,F
LINBIRD,M
LINCOLN,M
LINDA,F
LINDZEY,M
LINGLING,F
LINING,M
LINNEO,M
LINO,M
LINOG,M
LIONEL,M
LIPIO,M
LIPPUOK,M
LIRIO,M
LISA,F
LISANDRO,M
LISETTE,F
LISO,M
LISON,M
LISSA,F
LISTER,M
LITA,F
LITLIT,M
LITO,M
LITOY,M
LIWAY,F
LIWAYWAY,F
LIZ,F
LIZA,F
LIZARDO,M
LIZER,M
LIZETTE,F
LIZLIE,F
LJ,M
LLOYD,M
LOBEN,M
LODMILA,F
LODY,M
LOEL,M
LOGIE,M
LOHENGRIN,M
LOIDA,F
LOIDO,M
LOIJORGE,M
LOKOY,M
LOLAY,M
LOLEN,M
LOLIT,F
LOLITA,F
LOLITO,M
LOLO,M
LOLOC,M
LOLON,M
LOLONG,M
LOLOT,M
LOLOY,M
LOMALA,M
LOMINOG,M
LON,M
LONDON,M
LONETO,M
LONGENUS,M
LONGLONG,M
LONI,M
LONIELITO,M
LONYLON,M
LOPE,M
LOPEZ,M
LOR,M
LORD,M
LORDAN,M
LORDILANDO,M
LORDNEY,M
LORELEI,F
LORELI,F
LORELIE,F
LOREN,M
LORENA,F
LORENCIO,M
LORENS,M
LORENZ,M
LORENZO,M
LORETA,F
LORETO,M
LORIANO,M
LORICO,M
LORIDO,M
LORIE,F
LORIEMAE,F
LORIMER,M
LORING,F
LORLIE,F
LORLYN,F
LORNA,F
LORRAINE,F
LORRYMIR,M
LORVERLE,M
LORY,F
LOT,M
LOTA,F
LOTIS,F
LOTLOT,F
LOU,M
LOUEL,M
LOUELLA,F
LOUIE,M
LOUIGI,M
LOUIS,M
LOUISE,F
LOUISITO,M
LOURDES,F
LOURDINES,M
LOUVENN,M
LOUWELA,F
LOVE,F
LOVEJOY,M
LOVELIE,F
LOVELLA,F
LOVELOVE,F
LOVELY,F
LOVELYN,F
LOVIER,M
LOWE,M
LOWEL,M
LOWELL,M
LOWIDA,F
LOWIE,M
LOWILE,M
LOWYN,M
LOY,M
LOYME,F
LOZADO,M
LUBEN,M
LUCAS,M
LUCELITO,M
LUCENA,F
LUCENDA,F
LUCENIANO,M
LUCHAY,F
LUCHE,F
LUCHIE,F
LUCIA,F
LUCIANO,M
LUCIEN,M
LUCILA,F
LUCILLE,F
LUCILO,M
LUCINA,F
LUCINO,M
LUCIO,M
LUCITA,F
LUCITO,M
LUCIUS,M
LUCKIE,M
LUCKY,M
LUCRECIA,F
LUCRECIO,M
LUCRESIO,M
LUCY,F
LUDAR,M
LUDET,F
LUDEVINA,F
LUDINILA,F
LUDINO,M
LUDITO,M
LUDIVICO,M
LUDIVINO,M
LUDOVICO,M
LUDWIG,M
LUGEN,M
LUGIE,F
LUGIL,M
LUI,F
LUIBIC,M
LUIGI,M
LUIS,M
LUISA,F
LUISITO,M
LUKE,M
LUKMAN,M
LUMBATAN,M
LUMEN,F
LUMNA,M
LUMUNDAO,M
LUNEL,M
LUNIE,M
LUNINGNING,F
LUPO,M
LUPOG,M
LURA,F
LUTGARDES,M
LUTGARDO,M
LUTHER,M
LUVI,F
LUVILLA,F
LUVIMINDO,M
LUZ,F
LUZAN,F
LUZANO,M
LUZETTE,F
LUZMINDA,F
LUZMINDO,M
LUZVIMINDA,F
LUZVIMINDO,M
LY,M
LYCA,F
LYD,F
LYDELLE,F
LYDIA,F
LYDIO,M
LYKA,F
LYLITH,F
LYN,F
LYNBELL,F
LYNDA,F
LYNDEE,F
LYNDO,M
LYNDON,M
LYNDSY,F
LYNETTE,F
LYNLYN,F
LYNNE,F
LYNNEO,M
LYNNETTE,F
LYRA,F
LYSANDER,M
M,F
MAAD,M
MAAM,F
MAAN,F
MAARUF,M
MAASIRAL,M
MABBET,M
MABEL,F
MABELLE,F
MABING,M
MABINI,M
MAC,M
MAC2,M
MACA,M
MACAAYONG,M
MACABAAS,M
MACABANDO,M
MACABANGEN,M
MACABINTA,M
MACACUNA,M
MACAKILING,M
MACALA,M
MACALAWAN,M
MACALBE,M
MACALIMBON,M
MACAPADO,M
MACAPAGAL,M
MACAPANDI,M
MACAPANTON,M
MACARATON,M
MACARIA,F
MACARIO,M
MACARTHUR,M
MACASIDAR,M
MACAUYAG,M
MACBEY,M
MACDOTING,M
MACHO,M
MACKO,M
MACKY,M
MACMA,M
MACMAC,M
MACMOD,M
MACOY,M
MACPAUL,M
MADAM,F
MADATU,M
MADEL,F
MADELAINE,F
MADELEINE,F
MADELIENE,F
MADELINE,F
MADELL,F
MADER,M
MADHASSAN,M
MADID,M
MADILYN,F
MADING,M
MADJAD,M
MADJAL,M
MADJURI,M
MADO,M
MADONA,F
MADONNA,F
MADSABBRI,M
MADZ,M
MADZHAR,M
MADZKOR,M
MAE,F
MAFE,F
MAGDA,F
MAGDALENA,F
MAGDALENO,M
MAGDALINA,F
MAGDALINO,M
MAGDARA,M
MAGETT,F
MAGNERICO,M
MAGNING,M
MAGNO,M
MAGO,M
MAGSAYSAY,M
MAGTANGGOL,M
MAGTANGOL,M
MAGUID,M
MAHADEVA,M
MAHADI,M
MAHADIR,M
MAHALIA,F
MAHALYA,F
MAHAMUD,M
MAHAR,F
MAHDAWI,M
MAHDE,M
MAHIR,M
MAHLAIL,M
MAHMODA,F
MAHMUD,M
MAIA,F
MAICA,F
MAIDA,F
MAIKA,F
MAIKO,M
MAILAH,F
MAILAINE,F
MAILE,F
MAILED,M
MAIMAY,F
MAIMONA,F
MAIMUNA,F
MAINE,F
MAIRAH,F
MAJENCIO,M
MAJIN,M
MAJOR,M
MAJUL,M
MAKAMAN,M
MAKI,M
MAKIE,M
MAKMAK,M
MAKOY,M
MAKRAN,M
MAKRIN,M
MALBIN,M
MALCOLM,M
MALDISAN,M
MALIC,M
MALIK,M
MALIN,F
MALINE,F
MALKAL,M
MALLI,M
MALLY,M
MALONEY,M
MALOT,F
MALOU,F
MALVAR,M
MALVIN,M
MALYN,F
MAM,F
MAMA,M
MAMADRA,M
MAMASAGUE,M
MAMATANTO,M
MAMAY,M
MAMBUAY,M
MAMERTA,F
MAMERTO,M
MAMINTA,M
MAMINTAL,M
MAMONDIONG,M
MAN,M
MANA,M
MANAGER,M
MANALO,M
MANAN,M
MANASSEH,M
MANDING,M
MANDO,M
MANDRIE,M
MANDY,M
MANENG,M
MANGAWAN,M
MANGONDATO,M
MANGONDAYA,M
MANGONTAWAR,M
MANGUNDATU,M
MANILYN,F
MANING,M
MANIS,F
MANIT,M
MANJOE,M
MANJU,M
MANMAN,M
MANNIE,M
MANNY,M
MANO,M
MANOK,M
MANOLING,M
MANOLITA,F
MANOLITO,M
MANOLO,M
MANONG,M
MANOY,M
MANREZA,F
MANSAWI,M
MANSOR,M
MANSUETA,F
MANSUETO,M
MANSUR,M
MANTINGAN,M
MANUA,M
MANUEL,M
MANUELA,F
MANUELITA,F
MANUELITO,M
MANZUR,M
MAO,M
MAOK,M
MAOMIN,M
MAPALAD,M
MAPI,M
MAR,M
MARA,F
MARAD,M
MARBEHN,M
MARBEN,M
MARC,M
MARCEL,M
MARCELA,F
MARCELIANO,M
MARCELINA,F
MARCELINO,M
MARCELITO,M
MARCELLANO,M
MARCELO,M
MARCENG,M
MARCENIO,M
MARCH,M
MARCIAL,M
MARCIANA,F
MARCIANO,M
MARCING,M
MARCLETO,M
MARCO,M
MARCOS,M
MARCOSA,F
MARCUS,M
MARCY,M
MARDELLA,F
MARDO,M
MARDONIA,F
MARDONIO,M
MARDOQUIO,M
MARDOVIC,M
MARDY,M
MAREJANE,F
MAREY,F
MARFA,F
MARFE,F
MARFELINA,F
MARGANI,M
MARGARETH,F
MARGARETTE,F
MARGARITA,F
MARGARITO,M
MARGEL,F
MARGIE,F
MARGIELOU,F
MARI,F
MARIA,F
MARIAFE,F
MARIALYN,F
MARIAM,F
MARIAN,F
MARIANA,F
MARIANELA,F
MARIANGELIE,F
MARIANITA,F
MARIANITO,M
MARIANNE,F
MARIANO,M
MARIANT,F
MARIBEL,F
MARIBETH,F
MARICAR,F
MARICEL,F
MARICHEL,F
MARICHU,F
MARICON,F
MARICRIS,F
MARICRU,F
MARIDA,F
MARIDEL,F
MARIE,F
MARIECOR,F
MARIEFE,F
MARIEL,F
MARIELLE,F
MARIETA,F
MARIETCHU,F
MARIETTA,F
MARIETTE,F
MARIFE,F
MARIGAIL,F
MARIGIE,F
MARIGIN,F
MARIGLEN,F
MARIJEAN,F
MARILOU,F
MARILYN,F
MARILYS,F
MARIMEL,F
MARINA,F
MARINEL,F
MARINELIA,F
MARINO,M
MARIO,M
MARIOLITO,M
MARION,M
MARIONETTE,F
MARIONITO,M
MARIQUITA,F
MARISA,F
MARISSA,F
MARISSE,F
MARIT,F
MARITA,F
MARITES,F
MARITESS,F
MARITO,M
MARITZ,F
MARIUS,M
MARIVEE,F
MARIVEL,F
MARIVIC,F
MARIZON,F
MARJ,F
MARJOHN,M
MARJORIE,F
MARJUN,M
MARK,M
MARKEE,M
MARKHAM,M
MARKING,M
MARKY,M
MARLANDER,M
MARLEN,F
MARLENE,F
MARLEO,M
MARLIN,F
MARLIT,M
MARLITO,M
MARLO,M
MARLON,M
MARLOU,M
MARLOWRIE,M
MARLYN,F
MARNAL,M
MARNELLIE,F
MARNIE,M
MARNILO,M
MARNILOU,M
MARNO,M
MARO,M
MAROBOTH,M
MAROP,M
MARRA,F
MARRIAN,F
MARRIANE,F
MARRIETTA,F
MARRIZ,F
MARS,M
MARSAN,M
MARSHA,F
MARSHAL,M
MARSHALL,M
MARSITO,M
MARSOLITO,M
MARSON,M
MART,M
MARTE,M
MARTIN,M
MARTINA,F
MARTINEZ,M
MARTINIANO,M
MARTINO,M
MARTY,M
MARULI,M
MARVAL,M
MARVE,F
MARVELITA,F
MARVI,F
MARVIC,M
MARVIE,M
MARVIGRACE,F
MARVILYN,F
MARVIN,M
MARWAN,M
MARX,M
MARY,F
MARYAM,F
MARYBEL,F
MARYBETH,F
MARYJANE,F
MARYJOY,F
MARYLIN,F
MARYLOU,F
MARYNETTE,F
MARYOL,F
MARYVIC,F
MARZON,M
MASAYO,M
MASCARA,M
MASH,M
MASHID,M
MASHUL,M
MASHUR,M
MASIDING,M
MASIO,M
MASITA,F
MASLAMA,M
MASOOD,M
MASTER,M
MASTURA,M
MASUD,M
MASUKOD,M
MAT,M
MATABALAO,M
MATE,M
MATEO,M
MATERNO,M
MATET,F
MATHEW,M
MATI,M
MATIAS,M
MATILDE,F
MATILDO,M
MATIN,F
MATOY,M
MATRONILO,M
MATT,M
MATTERNICK,M
MATTHEW,M
MATUSALEM,M
MATVEE,M
MAU,F
MAUDDIN,M
MAUNA,M
MAURA,F
MAUREEN,F
MAURICE,M
MAURICIO,M
MAURIS,M
MAURITO,M
MAURO,M
MAUYAG,M
MAVIC,F
MAVIE,F
MAWE,M
MAWEEH,M
MAWI,M
MAWIYAG,M
MAX,M
MAXEL,M
MAXFIL,M
MAXIEDYMAE,F
MAXIEL,M
MAXILINDO,M
MAXIMA,F
MAXIMIANA,F
MAXIMIANO,M
MAXIMILLA,F
MAXIMINO,M
MAXIMO,M
MAXUEL,M
MAY,F
MAYA,F
MAYAMAN,M
MAYAN,F
MAYBEL,F
MAYBELLE,F
MAYBELYN,F
MAYCHEL,F
MAYE,F
MAYET,F
MAYETH,F
MAYJAN,M
MAYLA,F
MAYLEEN,F
MAYLENE,F
MAYLIN,F
MAYMAY,F
MAYNARD,M
MAYO,M
MAYOLO,M
MAYONBAI,F
MAYONG,M
MAYONITO,M
MAYOR,M
MAYRA,F
MAZERT,M
MC,M
MCARTHUR,M
MCDO,M
MCLEEN,M
MCLYNN,F
MCOOL,M
MEA,F
MEAN,F
MEANN,F
MECELINA,F
MEDA,F
MEDALIA,F
MEDALLA,F
MEDARDO,M
MEDEL,M
MEDELDORF,M
MEDELINE,F
MEDEN,F
MEDIALIN,F
MEDIAMAN,M
MEDIATRIX,F
MEDIN,M
MEDINO,M
MEDIT,M
MEDRITO,M
MEDTALICOP,M
MEDWIN,M
MEDY,F
MEDZECAIL,M
MEEKIA,F
MEG,F
MEGAY,F
MEGENCIO,M
MEGGY,M
MEGHAN,M
MEGO,M
MEGS,F
MEI,F
MEINRAD,M
MEINRADO,M
MEL,M
MELAICA,F
MELANI,F
MELANIA,F
MELANIE,F
MELANIO,M
MELBA,F
MELBAR,M
MELBEN,M
MELBINA,F
MELBOURNE,M
MELCA,F
MELCHIE,M
MELCHISEDEC,M
MELCHO,M
MELCHOR,M
MELCHORA,F
MELDRITO,M
MELDY,F
MELECIO,M
MELENCIO,M
MELFAR,F
MELGAR,M
MELGEN,F
MELHAN,M
MELI,M
MELICIO,M
MELIMORE,M
MELINA,F
MELINDA,F
MELISA,F
MELISSA,F
MELITA,F
MELITO,M
MELITON,M
MELLISA,F
MELLY,F
MELNAN,M
MELO,M
MELODIE,F
MELODY,F
MELOT,M
MELOY,M
MELQUIADES,M
MELRED,M
MELSIE,F
MELTZZI,M
MELVA,F
MELVAR,M
MELVEN,M
MELVIE,F
MELVIN,M
MELVYN,M
MELY,F
MEMEL,M
MEMEN,M
MEMING,M
MENA,F
MENANDRO,M
MENARDO,M
MENCHIE,F
MENDATU,M
MENDEL,M
MENELEO,M
MENELIO,M
MENGFEE,M
MENGNEWR,M
MENING,M
MENIO,M
MENITH,F
MENMEN,M
MENONG,M
MENTANG,M
MENTE,M
MENYOK,M
MEO,M
MERALUNA,F
MERCEDARIO,M
MERCEDES,F
MERCEDETTE,F
MERCEDITA,F
MERCURY,M
MERCY,F
MERDE,F
MERDIN,F
MERDONIO,M
MEREDITH,F
MERELITO,M
MERELO,M
MERELYN,F
MEREN,M
MERENCIANO,M
MERFE,F
MERIAM,F
MERIAN,F
MERIANNLY,F
MERIEL,F
MERILYN,F
MERIS,M
MERLA,F
MERLE,F
MERLIE,F
MERLIN,M
MERLINA,F
MERLINDA,F
MERLITA,F
MERLITO,M
MERLO,M
MERLOU,M
MERLY,F
MERLYN,F
MERNALYN,F
MERO,M
MEROY,M
MERRY,F
MERS,F
MERTEL,F
MERVIN,M
MERYCECIL,F
MESAR,M
MESCHILLE,F
MESEG,M
MESIAS,M
MESIR,M
MESRON,M
MESUG,M
METCHANA,F
METCHEL,M
METODIO,M
MEYNARD,M
MEYNARDO,M
MHAR,M
MHARK,M
MHAY,F
MHEDS,M
MHEIT,M
MHER,F
MHERLIE,F
MIA,F
MIBARAL,M
MICAELA,F
MICHAEL,M
MICHAELA,F
MICHAELI,M
MICHAIL,M
MICHELE,M
MICHELL,F
MICHELLE,F
MICHELLEE,F
MICHIE,F
MICKEY,M
MICKO,M
MICO,M
MIDA,F
MIDEL,M
MIDPANTAO,M
MIDZFAR,M
MIENRADO,M
MIGHTY,M
MIGI,M
MIGO,M
MIGS,M
MIGUEL,M
MIGUELA,F
MIGUELINA,F
MIGUELITO,M
MIHREL,M
MIJAN,M
MIKAEL,M
MIKE,M
MIKEE,M
MIKELMAX,M
MIKEY,F
MIKKA,F
MIKKI,M
MIKLE,M
MIKO,M
MIKOY,M
MIL,M
MILA,F
MILABEL,F
MILAD,M
MILADY,F
MILAGROS,F
MILAN,M
MILANY,F
MILAOR,M
MILBERT,M
MILDRED,F
MILE,F
MILLARD,M
MILLER,M
MILLIARD,M
MILLING,F
MILO,M
MILTON,M
MILVA,F
MILVEN,M
MILWEDA,F
MIMANG,F
MINA,F
MINARD,M
MINARDO,M
MINAY,F
MINDA,F
MINDALANO,M
MINDO,M
MINEBERT,M
MINERVA,F
MINETTE,F
MING,M
MINMIN,F
MINOH,M
MINSOARI,M
MINSUARI,M
MINYANG,F
MIPIA,F
MIRA,F
MIRALDO,M
MIRASOL,F
MIRCOLES,M
MIRIAM,F
MIRLA,F
MIRO,M
MIRRO,M
MISAEL,M
MISAH,M
MISANGCAD,M
MISCHAEL,M
MISING,M
MISIS,F
MISON,M
MISUARI,M
MISUG,M
MITALICOP,M
MITCHEL,M
MITCHELL,M
MITZI,F
MIX,M
MIXICO,F
MJ,M
MM,M
MOADZ,M
MOAMAR,M
MOAMMAR,M
MOBARAK,M
MOCAMAD,M
MOCTHAR,M
MODA,M
MODENG,M
MODESTA,F
MODESTO,M
MODING,M
MODOY,M
MOH,M
MOHAIMEN,M
MOHALIDEN,M
MOHALIDIN,M
MOHAMAD,M
MOHAMADALI,M
MOHAMIDEN,M
MOHAMMAD,M
MOHAMMADALI,M
MOHAMMADKHALID,M
MOHAMMED,M
MOHAN,M
MOHAYMEN,M
MOHD,M
MOHIDDIN,M
MOHIDEN,M
MOHIDIN,M
MOIMOI,M
MOISES,M
MOJAMITO,M
MOJIB,M
MOK,M
MOKAMAD,M
MOKONG,M
MOKS,M
MOKTAR,M
MOLINA,M
MOLING,M
MOLINTAS,M
MOLITO,M
MOLLY,F
MOLOT,M
MOLOY,M
MOMAR,M
MOMIE,M
MOMMY,F
MOMOY,M
MON,M
MONA,F
MONADATO,M
MONALIZA,F
MONAWAR,M
MONAY,F
MONCHING,M
MONCHITO,M
MONDE,M
MONDOT,M
MONDOY,M
MONEL,M
MONER,M
MONERA,F
MONET,F
MONETSKI,M
MONETTE,F
MONG,M
MONIB,M
MONIC,F
MONICA,F
MONICO,M
MONIK,F
MONINA,F
MONIQUE,F
MONIR,M
MONISA,F
MONIT,M
MONMON,M
MONSI,M
MONSIK,M
MONSING,M
MONTA,F
MONTANO,M
MONTASER,M
MONTASIR,M
MONTE,M
MOPLE,M
MOR,M
MORAKAN,M
MORAN,M
MORATA,F
MORE,M
MORENO,M
MORIE,M
MORING,M
MORIT,M
MORITO,M
MORNING,F
MOROY,M
MORPHEUS,M
MORRIS,M
MORSALIM,M
MORSHED,M
MORSID,M
MORVIN,M
MOSABAN,M
MOSAKALI,M
MOSES,M
MOSSAIDDIIN,M
MOSTAFA,M
MOTALIB,M
MOTE,M
MOTI,M
MOTIN,M
MOUMAR,M
MOVEBLE,M
MOY,M
MOZART,M
MP,M
MUAMMAR,M
MUAMMIL,M
MUBARAC,M
MUCHO,M
MUCTAR,M
MUDJAHED,M
MUDJAHIRIN,M
MUFTI,M
MUHAIMIN,M
MUHALIDIN,M
MUHAMMAD,M
MUHARRAM,M
MUHAYMIN,M
MUHIRMA,F
MUHTAMAD,M
MUHYRYN,F
MUIN,M
MUJAHID,M
MUJAHIDEEN,M
MUJIB,M
MUKAKIL,M
MUKDIM,M
MUKIM,M
MUKLO,M
MUKTADIR,M
MUKTAR,M
MULO,M
MULONG,M
MUMARZHEN,M
MUNAP,M
MUNDING,M
MUNDO,M
MUNIB,M
MUNIN,M
MUNTA,M
MUNTI,F
MURAD,M
MURPHY,M
MURUWA,F
MURVE,M
MUSA,M
MUSAB,M
MUSIDDIK,M
MUSIMAR,M
MUSLIM,M
MUSLIMEN,M
MUSLIMIN,M
MUSSAH,F
MUSSOLINI,M
MUSTAFA,M
MUSTAPHA,M
MUSTIOLO,M
MUTUK,M
MYAR,M
MYC,M
MYCA,F
MYLA,F
MYLAH,F
MYLEN,F
MYLENE,F
MYLVIN,M
MYLYN,F
MYRA,F
MYREL,F
MYRIAM,F
MYRILL,F
MYRISH,F
MYRLA,F
MYRLEN,F
MYRNA,F
MYRNALIN,F
MYRNO,M
MYRON,M
MYTHA,F
MYTHOR,M
NABILA,F
NABILAH,F
NACARIO,M
NACENCIA,F
NACIANCENO,M
NACIANZINO,M
NACLING,M
NAD,M
NADER,M
NADIA,F
NADINE,F
NADJA,F
NADOR,M
NADRA,F
NADY,M
NADYA,F
NAFIZA,F
NAGA,M
NAGDAR,M
NAGDER,M
NAGUIB,M
NAHDER,M
NAIDA,F
NAIM,M
NAJEB,M
NAJER,M
NAJIB,M
NAJIR,M
NALDO,M
NAMOLAKAN,M
NAMRAIDA,F
NANAK,M
NANAY,F
NANCY,F
NANDING,M
NANDO,M
NANET,F
NANETTE,F
NANI,M
NANIE,M
NANING,F
NANOY,M
NANTE,M
NAOME,F
NAOMI,F
NAP,M
NAPIZA,F
NAPO,M
NAPOLEON,M
NARCEL,M
NARCISA,F
NARCISO,M
NARDING,M
NARDITO,M
NARDO,M
NARDS,M
NARICRES,F
NARIO,M
NARITA,M
NARLITO,M
NARMELITO,M
NARO,M
NARPIL,M
NARVING,M
NARWIN,M
NAS,M
NASEF,M
NASH,M
NASHER,M
NASHIB,M
NASHIBA,F
NASHRIPH,M
NASHRODIN,M
NASHRULLAH,M
NASHVILLE,F
NASIA,F
NASIB,M
NASIF,M
NASIR,M
NASIRIN,M
NASMERAH,F
NASR,M
NASRODEN,M
NASRODIN,M
NASRUDIN,M
NASRULLAH,M
NASSEF,M
NASSER,M
NASSIB,M
NASSIF,M
NATAL,M
NATALIA,F
NATALIO,M
NATAN,M
NATH,M
NATHAN,M
NATHANAEL,M
NATHANEIL,M
NATHANIEL,M
NATIVIDAD,F
NATO,M
NATOY,M
NATY,F
NAUFAL,M
NAVA,M
NAYLENE,F
NAZAR,M
NAZARENO,M
NAZARIO,M
NAZARITO,M
NAZER,M
NAZIF,M
NCHANG,M
NE,F
NEAL,M
NEBB,M
NECIFORO,M
NECITA,F
NECITO,M
NECO,M
NECTOR,M
NED,M
NEDITO,M
NEDRA,F
NEGRO,M
NEHEMIAH,M
NEHR,M
NEIL,M
NEILMAR,M
NEITE,F
NEKY,M
NEL,M
NELCY,F
NELDA,F
NELENCIA,F
NELIA,F
NELIANTO,M
NELIETA,F
NELIPTHA,F
NELISSA,F
NELITA,F
NELL,M
NELLIE,F
NELLO,M
NELLY,F
NELMAR,M
NELMER,M
NELO,M
NELPHER,M
NELSA,F
NELSI,F
NELSON,M
NELVIN,M
NEMA,F
NEMESCIO,M
NEMESIO,M
NEMIA,F
NEMMEN,F
NEMO,M
NEMROD,M
NEMUEL,M
NENA,F
NENENG,F
NENET,F
NENETH,F
NENETTE,F
NENFA,F
NENGNENG,F
NENITA,F
NENITO,M
NEOFITO,M
NEOLIDA,F
NEOPITO,M
NEPHALEY,M
NEPHTALI,M
NEPOMUCENO,M
NEPOY,M
NEPTALI,M
NEPTHALE,F
NEPTHALIE,M
NERAFIE,F
NERI,M
NERIO,M
NERISSA,F
NERITO,M
NERIVI,F
NERLI,F
NERLITA,F
NERLO,M
NERMAL,M
NERU,M
NERYL,M
NESARIO,M
NESER,M
NESSA,F
NESTO,M
NESTOR,M
NESTORBOPK,M
NESTORIO,M
NESTORKATOL,M
NESTY,M
NEWTON,M
NEZAR,M
NEZEL,F
NHAZRUDDIN,M
NHEL,M
NHONO,M
NHOR,M
NIC,M
NICA,F
NICANDRO,M
NICANOR,M
NICASIO,M
NICCOLO,M
NICEPURO,M
NICETAS,F
NICETOS,M
NICHETA,F
NICHOLAS,M
NICHOLI,M
NICHOLO,M
NICIELA,F
NICK,M
NICKARTER,M
NICKERSON,M
NICKOL,M
NICKY,M
NICO,M
NICOBEL,M
NICODEMUS,M
NICOL,M
NICOLAI,M
NICOLAS,M
NICOLASA,F
NICOLE,F
NICOMEDES,M
NICOMER,M
NICON,M
NICS,F
NIDA,F
NIEGO,M
NIEL,M
NIELEX,M
NIELJUN,M
NIELO,M
NIERI,F
NIEVA,F
NIEVEROSE,F
NIEVES,F
NIHARA,F
NIHAYRA,F
NIKA,F
NIKKI,F
NIKKO,M
NIKKOS,M
NIKNOK,M
NIKO,M
NIL,M
NILA,F
NILDA,F
NILFREDO,M
NILO,M
NILOT,M
NILSON,M
NIMFA,F
NIMROD,M
NINA,F
NINFA,F
NINO,M
NINOK,M
NINONG,M
NINOY,M
NISON,M
NITA,F
NITO,M
NITOY,M
NITZ,F
NIXON,M
NOAH,M
NOBAIRAH,F
NOBEL,M
NOBERT,M
NOBING,F
NODIE,M
NOE,M
NOEL,M
NOELITO,M
NOEMI,F
NOFREDO,M
NOGNOG,M
NOIME,F
NOK,M
NOKEL,M
NOKMAN,M
NOKNOK,M
NOL,M
NOLAN,M
NOLAND,M
NOLASCO,M
NOLI,M
NOLIDIA,F
NOLIE,M
NOLITA,F
NOLITO,M
NOLITZ,M
NOLLY,M
NOLNOL,M
NOLY,M
NOMAR,M
NOMER,M
NOMIE,M
NONA,F
NONAKYN,F
NONATO,M
NONEL,M
NONELITA,F
NONELON,M
NONG,M
NONGNONG,M
NONIE,M
NONILO,M
NONILON,M
NONITA,F
NONITO,M
NONO,M
NONOLIMWEL,M
NONON,M
NONONG,M
NONOY,M
NOORDIN,M
NOR,M
NORA,F
NORACIL,F
NORAIDA,F
NORAIMA,F
NORAIMAH,F
NORAIN,F
NORAINA,F
NORAISA,F
NORANIA,F
NORBERT,M
NORBERTO,M
NORBI,M
NORBIDEIRI,M
NORBIE,M
NORBING,M
NORBRYAN,M
NORDICK,M
NOREEN,F
NOREJAN,F
NORGENE,F
NORHAINA,F
NORHAINIE,F
NORHATA,F
NORHAYA,F
NORHOSNYA,F
NORHUDA,F
NORIA,F
NORIAL,M
NORIAM,F
NORIE,M
NORIEL,M
NORIELITO,M
NORJANAH,F
NORLAINIE,F
NORLITO,M
NORMA,F
NORMALA,F
NORMAN,M
NORMELITA,F
NORMIA,F
NORMINDA,F
NORMITA,F
NORODEN,M
NORODIN,M
NORON,F
NORONISA,F
NORONSALAM,F
NORRIS,M
NORTENCIO,M
NORUDIN,M
NORVIC,M
NORVIN,M
NORY,F
NORYASMIN,F
NOTNOT,M
NOVA,F
NOVELITO,M
NOVER,M
NOWEL,M
NOYE,M
NOYLOWEL,M
NOYNOY,M
NUALI,M
NUEPE,M
NUEVAS,F
NUJ,M
NUJUM,F
NULAMIN,M
NULDAHMAN,M
NULKISAM,F
NUMERIANO,M
NUMERO,M
NUNU,M
NUR,M
NURAISHA,M
NURAJA,M
NURAMIN,M
NURBERT,M
NURFITRA,M
NURHAKIM,M
NURHAMIN,M
NURHAMSA,F
NURHAN,M
NURHASSAN,M
NURHUSIN,M
NURIDJAM,F
NURIE,M
NURJAM,M
NURLITA,F
NURMINA,F
NURMUDZRIN,M
NURODIN,M
NURSALI,M
NURSE,M
NURSHAMIER,M
NURSIDA,F
NURSIDY,M
NURSIYA,F
NURUDDIN,M
NURULLAJI,M
NURUNNIHMA,F
NURWINA,F
NURYASSER,M
NYDIA,F
OBED,M
OBET,M
OBREN,M
OCA,M
OCHIE,M
OCHING,M
OCTAVIO,M
OCTAVIUS,M
ODAY,F
ODDY,M
ODELL,M
ODES,M
ODET,F
ODI,M
ODIE,M
ODIK,M
ODILON,M
ODIN,M
ODING,M
ODJOK,M
ODO,M
ODOL,M
ODON,M
ODOY,M
ODS,M
OERAK,M
OFEL,F
OFELIA,F
OFRING,M
OGGA,F
OGIE,M
OGOS,M
OHTO,M
OJING,M
OKIDOC,M
OLA,M
OLAN,M
OLEGARIO,M
OLGA,F
OLI,M
OLIM,M
OLIMPIO,M
OLIVA,F
OLIVE,F
OLIVER,M
OLIVEROS,M
OLIVIA,F
OLLIE,M
OLLY,M
OLOMODIN,M
OLONG,M
OLOWA,M
OLOY,M
OLRUCS,M
OLYMPIA,F
OLYMPIO,M
OMA,M
OMACK,M
OMAIR,M
OMAR,M
OMARADJI,M
OMARNASEEF,M
OMARNASIF,M
OMBAN,M
OMBRA,M
OMENSALAM,F
OMER,M
OMIE,M
OMING,M
OMINTA,F
OMPING,M
OMPONG,M
ONA,M
ONAC,M
ONAD,M
ONAK,M
ONAL,M
ONASIS,M
ONAT,M
ONDA,M
ONDET,M
ONDO,M
ONDOY,M
ONEK,M
ONEL,M
ONESIMO,M
ONET,F
ONG,M
ONGGIE,M
ONGGOK,M
ONGKOY,M
ONI,M
ONIE,M
ONIK,M
ONIN,M
ONING,M
ONIT,M
ONNIH,M
ONOFRE,M
ONOY,M
ONTOD,M
ONTOG,M
ONTOY,M
ONY,M
ONYO,M
ONYOK,M
ONYOT,M
OPAW,M
OPE,F
OPONG,M
ORAMISMO,M
ORAW,M
ORAY,F
ORBITO,M
ORENCIO,M
ORFELINA,F
ORIC,M
ORICULO,M
ORIG,M
ORLAN,M
ORLANDO,M
ORLIE,M
ORLING,M
ORLINO,M
ORLY,M
ORNALFO,M
ORPHEUS,M
ORVEN,M
ORVI,M
ORVILLE,M
ORY,M
OSBERHT,M
OSBORNE,M
OSCAR,M
OSCARLITO,M
OSEAS,M
OSIAS,M
OSIE,F
OSING,M
OSITA,F
OSMENIO,M
OSMUNDO,M
OSONG,M
OSOP,M
OSOS,M
OSOT,M
OSTERBALDO,M
OSTING,M
OSWALD,M
OSWALDO,M
OSWARD,M
OTAY,F
OTE,M
OTHELLO,M
OTI,M
OTIC,F
OTIK,M
OTING,M
OTOH,M
OTONIEL,M
OTOWA,M
OTOY,M
OTTO,M
OVIE,M
OWAN,M
OWEL,M
OWEN,M
OYET,M
OYING,M
OYO,M
OYOK,M
OYONG,M
OZZY,M
PABLETO,M
PABLIO,M
PABLITA,F
PABLITO,M
PABLO,M
PABS,M
PABY,M
PACALAAN,M
PACHECO,M
PACIANO,M
PACIENTE,M
PACIFICA,F
PACIFICO,M
PACIO,M
PACITA,F
PACITO,M
PACOMEO,M
PADER,M
PADIAN,M
PADJIRI,M
PADOL,M
PADOY,M
PADUHILAO,M
PAEK,M
PAENG,M
PAGAMALEN,M
PAGARANGANAN,M
PAHAMBONG,M
PAHMIA,F
PAISAL,M
PAJIJI,M
PAK,M
PAKING,M
PAKIT,M
PAL,M
PALAO,M
PALATO,M
PALAWAN,M
PALERMO,M
PALING,M
PALMARIN,M
PALONG,M
PALPAL,M
PAMBATO,M
PAMELA,F
PAMFILO,M
PAMIE,F
PAMMY,F
PANANG,M
PANCHITO,M
PANCHO,M
PANCRACIO,M
PANDAG,M
PANDO,M
PANDONG,M
PANDUS,M
PANFILO,M
PANG,M
PANGANDAMAN,M
PANGAY,F
PANGGA,F
PANGKE,M
PANING,M
PANLILEO,M
PANNY,M
PANONDI,M
PANONG,M
PANOY,M
PANTALEON,M
PANYING,F
PANYLIN,F
PANYONG,M
PAO,M
PAOLO,M
PAPA,M
PAPAMIKE,M
PAPAY,M
PAPIAS,M
PAPONG,M
PAPOO,M
PAQUITO,M
PARAOMA,M
PARAS,M
PARING,F
PARIS,M
PARLY,M
PARUK,M
PASCASIO,M
PASCUAL,M
PASCUALA,F
PASTOR,M
PASTORA,F
PAT,M
PATAH,M
PATAY,M
PATCHITA,F
PATCHITO,M
PATCHY,M
PATERNIA,F
PATERNO,M
PATI,M
PATNUBAY,M
PATO,M
PATOY,M
PATRI,F
PATRIA,F
PATRICIA,F
PATRICIO,M
PATRICK,M
PATRING,F
PATRO,M
PATROCENIO,M
PATROCINIO,M
PATROSINIO,M
PATTA,M
PATTON,M
PATY,F
PAU,M
PAUI,M
PAUL,M
PAULA,F
PAULEEN,F
PAULINE,F
PAULINO,M
PAULITA,F
PAULITO,M
PAULO,M
PAX,M
PAY,M
PAYAPA,F
PAYING,F
PAYOT,M
PAZ,F
PB,M
PD,M
PE,M
PEACHY,F
PEARL,F
PECTOY,M
PEDDY,M
PEDING,M
PEDOT,M
PEDPAB,M
PEDRELITO,M
PEDRITA,F
PEDRITO,M
PEDRO,M
PEDY,M
PEE,M
PEEP,M
PEEWEE,M
PEL,M
PELAGIO,M
PELAIS,M
PELING,F
PELVER,M
PEMPE,M
PEN,M
PENDATUN,M
PENDOY,M
PENG,M
PENLY,M
PENNY,M
PENUEL,M
PEPE,M
PEPERION,M
PEPING,M
PEPITA,F
PEPITO,M
PEPO,M
PEPOT,M
PER,M
PERC,M
PERCILITO,M
PERCIVAL,M
PERCY,M
PEREGRINA,F
PEREGRINO,M
PERFECTA,F
PERFECTO,M
PERIA,F
PERIAM,M
PERIOLO,M
PERKINS,M
PERLA,F
PERLAS,F
PERLIBETH,F
PERLITA,F
PERLITO,M
PERLIZA,F
PERLY,M
PERMITA,F
PEROK,M
PERPETUA,F
PERPETUO,M
PERRY,M
PERSENIO,M
PERSEUS,M
PERSEVERANDA,F
PERSHING,M
PERSIA,F
PERSIBAR,M
PERT,M
PERYONG,M
PETE,M
PETER,M
PETERSON,M
PETITE,F
PETNEL,M
PETRA,F
PETRONILO,M
PETRONIO,M
PETUA,F
PEVE,F
PG,M
PHANIE,F
PHAPS,M
PHAULABAGETS,F
PHEN,M
PHIL,M
PHILBERT,M
PHILDON,M
PHILIBERT,M
PHILIP,M
PHILIPP,M
PHILL,M
PHILLIP,M
PHILLIPS,M
PHILMORE,M
PHLONEL,F
PHOEBE,F
PHYLL,M
PIA,F
PIANDAO,F
PICCOLO,M
PIDING,M
PIDIONG,M
PIDO,M
PIDOK,M
PIDONG,M
PIDOY,M
PIERRE,M
PILAR,F
PILARICA,F
PILARITO,M
PILING,M
PILLAR,F
PILO,M
PILONG,M
PIMO,M
PIN,M
PINBOY,M
PINDATON,M
PINDE,M
PINDI,M
PINGGOY,M
PINGGUAN,M
PINGLIM,M
PINING,F
PINKO,M
PINKY,F
PINOY,M
PINPIN,F
PIO,M
PIP,M
PIPAY,F
PIPES,M
PIPIT,M
PIPON,M
PIPOY,M
PIRZA,M
PISYONG,M
PITCHE,F
PITOY,M
PIYOK,M
PJ,M
PLACIDA,F
PLACIDO,M
PLARIDEL,M
PLATON,M
PLONG,M
POBEL,F
POBIE,M
POCHOLO,M
POGHOK,M
POGI,M
POGS,M
POKAY,M
POL,M
POLDO,M
POLENG,M
POLICARPIO,M
POLICARPO,M
POLICE,M
POLICRONIO,M
POLIDO,M
POLIENOTO,M
POLING,M
POLITO,M
POLOTO,M
POLOY,M
POLY,M
POMPEO,M
POMPEYO,M
PONCE,M
PONCIANO,M
PONG,M
PONGPONG,M
PONPON,F
PONSING,M
PONSO,M
PONZ,M
POP,M
POPO,M
POPONG,M
POPOP,M
POPOT,M
POPOY,M
POPS,F
PORFERIA,F
PORFERIO,M
PORFIRIO,M
PORONG,M
PORTIA,F
POSOY,M
POTENCIANO,M
POTIT,M
POTON,M
POTPOT,M
PRACON,M
PRAEM,M
PRAXIDES,M
PRECILIANO,M
PRECILLA,F
PRECIOSO,M
PRECIOUS,F
PRECY,F
PREDESBENDO,M
PRESCILA,F
PRESCILLA,F
PRESCILLANO,M
PRESCO,M
PRESCY,F
PRESIAN,F
PRESIDENT,M
PRESINIA,F
PRESNEDY,M
PRETCEL,F
PRETSY,M
PRETTY,M
PRIMA,F
PRIMING,M
PRIMITIVA,F
PRIMITIVO,M
PRIMO,M
PRINCE,M
PRINCESS,F
PRINZ,M
PRISCILA,F
PRISCILLA,F
PRISCO,M
PRISTINE,F
PRIVALDO,M
PROCESO,M
PROCOPIO,M
PROCULO,M
PROFETIZA,F
PROMENCIO,M
PROS,M
PROSPERO,M
PROTACIO,M
PROTO,M
PROVIDENCIO,M
PROVO,M
PRUDENCIA,F
PRUDENCIO,M
PRYDE,M
PULAUS,M
PULMANO,M
PULONG,F
PULOT,M
PUNDO,M
PUNGAY,M
PURA,F
PURAIDA,F
PURAY,F
PUREZA,F
PURING,F
PURISIMA,F
PURISIMO,M
PURITA,F
PUROY,M
PURSINO,M
PUTE,F
PUTI,M
PUTLI,F
PUTO,M
PUYAT,M
PX,F
PYANG,M
QAHARODDIN,M
QP,F
QUEEN,F
QUEENNY,F
QUEENY,F
QUENIE,F
QUERICO,M
QUERIZA,F
QUEROLICO,M
QUERUBIN,M
QUEZON,M
QUILIN,F
QUIMSON,M
QUINCIANO,M
QUINDIALEM,F
QUINN,M
QUINTILIANITO,M
QUINTILLANO,M
QUINTIN,M
QUINTINO,M
QUINTO,M
QUIRICO,M
QUIRINA,F
QUIRINO,M
QUITO,M
QUITOS,M
R,M
RABBANA,M
RABBI,M
RABBIE,M
RAC,M
RACHEL,F
RACHELL,F
RACHELLE,F
RACHIEL,M
RACKEN,M
RACKY,M
RACMA,F
RAD,M
RADEN,M
RADHIE,M
RADING,M
RADJAIL,M
RADNIE,M
RADRI,M
RADY,M
RADZ,M
RADZAK,M
RADZHATA,F
RADZMA,F
RADZMIN,M
RAEM,M
RAFAEL,M
RAFAELITO,M
RAFFIE,M
RAFFY,M
RAGSAC,M
RAHAF,M
RAHIB,M
RAHIEMA,F
RAHIM,M
RAHMA,F
RAIDA,F
RAIHANA,F
RAIHANAH,F
RAIMA,F
RAIMONA,F
RAIMUNDO,M
RAINER,M
RAINERIA,F
RAINERO,M
RAINIER,M
RAISA,F
RAISSA,F
RAIZ,M
RAIZA,F
RAJABADAR,M
RAJAH,M
RAJASTAN,M
RAJAY,M
RAJIB,M
RAJID,M
RAJIV,M
RAKIB,M
RAKIM,M
RAKMAN,M
RALDIS,M
RALEIGH,M
RALF,M
RALFEY,M
RALIMSON,M
RALLY,M
RALPH,M
RAM,M
RAMADAN,M
RAMAIN,M
RAMBIE,M
RAMBO,M
RAMBU,M
RAMDATU,M
RAMEL,M
RAMELYN,F
RAMER,M
RAMESES,M
RAMIDZ,M
RAMIE,M
RAMIEL,M
RAMIL,M
RAMILO,M
RAMINITO,M
RAMIR,M
RAMIRO,M
RAMLA,F
RAMMEL,M
RAMMY,M
RAMOLITO,M
RAMON,M
RAMONA,F
RAMONCHITO,M
RAMONCITA,F
RAMONCITO,M
RAMONITO,M
RAMSES,M
RAMSEY,M
RAMSI,M
RAMUEL,M
RAMULFO,M
RAMY,M
RAMZI,M
RANDALL,M
RANDEL,M
RANDELL,M
RANDIE,M
RANDOLF,M
RANDOLL,M
RANDOLPH,M
RANDY,M
RANEL,M
RANGKER,M
RANIEL,M
RANIER,M
RANILLO,M
RANJIT,M
RANNIE,M
RANRAN,M
RANUL,M
RANULFO,M
RANY,M
RAOUL,M
RAP,M
RAPH,M
RAPHAEL,M
RAPONSEL,F
RAPRAP,M
RAQUEL,F
RAQUELIZA,F
RAQUELYN,F
RAQUIM,M
RASAD,M
RASCAL,M
RASCALA,M
RASDY,M
RASEL,M
RASHED,M
RASHEDIN,M
RASHER,F
RASHID,M
RASHIDA,F
RASHIDEN,M
RASID,M
RASIDIN,M
RASLANIE,M
RASMIA,F
RASOL,M
RASUL,M
RAUF,M
RAUL,M
RAULITO,M
RAV,M
RAVE,M
RAVELO,M
RAVI,M
RAY,M
RAYAN,M
RAYGAN,M
RAYMAN,M
RAYMAR,M
RAYMART,M
RAYMON,M
RAYMOND,M
RAYMUND,M
RAYMUNDO,M
RBR,M
RDB,M
REA,F
REACHELLE,F
REAGAN,M
REAMCY,M
REBECCA,F
REBECCO,M
REBEKAH,F
REBENIE,F
REBHENJER,M
REBLUN,F
REBO,M
REBOY,M
REC,M
RECARDO,M
RECHARD,M
RECHILDA,F
RECHLY,M
RECONDAYA,F
RECREC,M
RECTO,M
RED,M
REDAN,M
REDANTE,M
REDEEMER,M
REDEL,M
REDEN,M
REDENTOR,M
REDFORD,M
REDGIL,F
REDITO,M
REDMAR,M
REENE,M
REGENE,F
REGERICK,M
REGGIE,M
REGIDOR,M
REGIE,M
REGIN,M
REGINA,F
REGINALD,M
REGINALDO,M
REGINE,F
REGINIFACIO,M
REGINO,M
REGOLO,M
REINA,F
REINALDO,M
REINALYNE,F
REINARIO,M
REINBERT,M
REINE,M
REINERIO,M
REINHARD,M
REINHART,M
REINO,M
REIZEL,F
REJIE,F
RELAN,M
RELIA,F
RELLA,F
RELLY,M
RELY,M
REMA,F
REMAR,M
REMBERTO,M
REMEDIO,M
REMEDIOS,F
REMEGIO,M
REMELITA,F
REMELITO,M
REMENILDO,M
REMIA,F
REMIGIO,M
REMIGIUS,M
REMMY,M
REMO,M
REMUEL,M
REMUS,M
REN,M
RENA,F
RENAN,M
RENANDO,M
RENANTE,M
RENATO,M
RENDEL,M
RENDEN,M
RENDON,M
RENE,M
RENEBOY,M
RENECITO,M
RENEFREDO,M
RENEL,M
RENELOU,M
RENEN,M
RENERIO,M
RENEROSE,F
RENI,M
RENIER,M
RENIL,M
RENIO,M
RENITA,F
RENMAR,M
RENNIE,M
RENO,M
RENONIA,F
RENY,M
RENZ,M
REONEL,M
REPARATO,M
REQUILLO,M
RERE,M
RESHAL,F
RESTIE,M
RESTING,M
RESTITUTA,F
RESTITUTO,M
RESTY,M
RESTYCEL,M
RESULI,M
RESURECCION,F
RESURRECTION,F
RETCHIL,F
RETECIO,M
REUBEN,M
REUBIN,M
REUBY,M
REUEL,M
REVELINA,F
REVELITA,F
REVELITO,M
REVIC,M
REVIE,F
REVINA,F
REWEL,M
REX,M
REXES,M
REXIE,M
REXINOR,M
REXIO,M
REXMEL,M
REXMENER,M
REXON,M
REXOR,M
REXRJ,M
REY,M
REYAM,M
REYCAT,M
REYCONS,M
REYDA,F
REYDEE,M
REYGENE,M
REYHAM,M
REYMAL,M
REYMAN,M
REYMAR,M
REYMELIO,M
REYMON,M
REYMOND,M
REYMONDO,M
REYMUND,M
REYMUNDO,M
REYNALD,M
REYNALDA,F
REYNALDO,M
REYNAN,M
REYNANTE,M
REYNARD,M
REYNARDO,M
REYNATO,M
REYNE,M
REYNELSON,M
REYNERIA,F
REYNERIO,M
REYNINO,M
REYNO,M
REYNOLD,M
REYNOR,M
REYSHANNE,F
REZZA,F
RG,M
RHADAM,M
RHALLY,F
RHAMLA,F
RHANDY,M
RHAYLAN,M
RHAZ,M
RHEA,F
RHEAN,M
RHEDERICK,M
RHELY,M
RHEMAR,M
RHENA,F
RHETT,M
RHICHIE,M
RHINE,F
RHINO,M
RHIZA,F
RHODA,F
RHODANA,F
RHODEL,M
RHODERICK,M
RHODESSA,F
RHODORA,F
RHOENA,F
RHOSMAN,M
RHUDEL,M
RHUMYLA,M
RHUNA,F
RHUSTOM,M
RHYAN,M
RIA,F
RIAN,M
RIANNE,F
RIBENSON,M
RIC,M
RICA,F
RICAN,M
RICAR,M
RICARDO,M
RICAREDO,M
RICARLITO,M
RICARTE,M
RICH,M
RICHALD,M
RICHARD,M
RICHELIEU,M
RICHELLE,F
RICHIE,M
RICHMOND,M
RICHRISTOPHER,M
RICK,M
RICKA,F
RICKRICK,M
RICKY,M
RICLINE,M
RICO,M
RICOY,M
RICRIC,M
RICSON,M
RIDGIE,M
RIDIAN,M
RIDWAN,M
RIDZMAL,M
RIEL,M
RIEMZIE,M
RIESEL,F
RIEZA,F
RIGA,M
RIGO,M
RIGULO,M
RIKING,M
RIKRIK,M
RIMA,F
RIMANDO,M
RIMEL,M
RIMMON,M
RINA,F
RINANDANG,M
RINEIL,M
RINGO,M
RINO,M
RIO,M
RIOLITA,F
RISE,F
RISER,M
RITA,F
RITCHE,M
RITCHIE,M
RITO,M
RITZI,F
RIUS,M
RIXON,M
RIZA,F
RIZAL,M
RIZALDE,M
RIZALDO,M
RIZALDY,M
RIZALIE,F
RIZALIN,F
RIZALINA,F
RIZALINDA,F
RIZALINO,M
RIZALITO,M
RIZZA,F
RJ,M
RJM,M
RL,F
RM,M
ROANNE,F
ROBELL,M
ROBELLA,F
ROBEN,M
ROBENSON,M
ROBERT,M
ROBERTA,F
ROBERTITO,M
ROBERTO,M
ROBICJUN,M
ROBIN,M
ROBINHOOD,M
ROBINSON,M
ROCEFICO,M
ROCEL,F
ROCELO,M
ROCELYN,F
ROCHELYN,F
ROCHIE,F
ROCHIN,M
ROCK,M
ROCKIE,M
ROCKSHELL,M
ROCKY,M
ROCKYFELLER,M
ROCORFLO,M
ROD,M
RODABALDO,M
RODANIMOD,M
RODANTE,M
RODEJITO,M
RODEL,M
RODELIO,M
RODELITO,M
RODELL,M
RODELLO,M
RODELO,M
RODEN,M
RODENCIO,M
RODENIO,M
RODENTOR,M
RODERICK,M
RODGIE,M
RODI,M
RODIL,M
RODILLO,M
RODILO,M
RODINANTE,M
RODITO,M
RODNEL,M
RODNEY,M
RODOEL,M
RODOLFO,M
RODOLIO,M
RODOLYN,F
RODRIGO,M
RODULFO,M
RODULPH,M
RODY,M
ROEHL,M
ROEL,M
ROELITO,M
ROFEL,M
ROFELIA,F
ROGACIANO,M
ROGAN,M
ROGEL,M
ROGELIN,F
ROGELIO,M
ROGELYN,F
ROGEN,M
ROGENOR,M
ROGER,M
ROGERICK,M
ROGERIO,M
ROGIE,M
ROGIEMAR,M
ROHAINA,F
ROHANI,F
ROHANIE,F
ROHELYN,F
ROHEMIO,M
ROHER,M
ROILAND,M
ROJIE,M
ROJO,M
ROKIT,M
ROLAN,M
ROLAND,M
ROLANDO,M
ROLDAN,M
ROLEN,M
ROLETO,M
ROLEX,M
ROLF,M
ROLI,M
ROLIE,M
ROLIN,M
ROLITO,M
ROLIZARETH,F
ROLLAND,M
ROLLIE,M
ROLLIN,M
ROLLY,M
ROLO,M
ROLYNE,M
ROM,M
ROMA,F
ROMAIZAN,M
ROMAN,M
ROMANA,F
ROMANITO,M
ROMANO,M
ROMANOEL,M
ROMAR,M
ROMARIC,M
ROMARICO,M
ROMARIO,M
ROMAYA,F
ROME,M
ROMEGIO,M
ROMEL,M
ROMELD,M
ROMELIE,M
ROMELIO,M
ROMELITO,M
ROMELL,M
ROMELY,M
ROMELYN,F
ROMEN,M
ROMENA,F
ROMEO,M
ROMER,M
ROMERO,M
ROMIE,M
ROMIL,M
ROMING,M
ROMMEL,M
ROMMIL,M
ROMNER,M
ROMNICK,M
ROMUALDO,M
ROMUALYN,F
ROMULFO,M
ROMULITO,M
ROMULO,M
ROMY,M
RON,M
RONA,F
RONALD,M
RONALDO,M
RONAN,M
RONAR,M
RONDA,M
RONDEL,M
RONDON,M
RONE,M
RONEL,M
RONELDA,F
RONELIE,F
RONELIO,M
RONELO,M
RONIE,M
RONIL,M
RONILO,M
RONILYN,F
RONITO,M
RONJIE,M
RONN,M
RONNA,F
RONNAN,M
RONNEL,M
RONNETTE,F
RONNIE,M
RONORICK,M
RONQUILLO,M
RONRON,M
RONULFO,M
RONWALD,M
RONY,M
ROOSEVELT,M
ROQ,M
ROQUE,M
ROQUITO,M
RORY,M
ROSA,F
ROSABEL,F
ROSALIA,F
ROSALIE,F
ROSALINA,F
ROSALINDA,F
ROSALINO,M
ROSALIO,M
ROSALITO,M
ROSALYN,F
ROSAMANTE,M
ROSANA,F
ROSANNE,F
ROSANO,M
ROSARINO,M
ROSARIO,F
ROSARY,F
ROSAURO,M
ROSCELLE,F
ROSCOE,M
ROSE,F
ROSEBIE,F
ROSEL,M
ROSELA,F
ROSELDO,M
ROSELER,M
ROSELIMA,F
ROSELITO,M
ROSELLE,F
ROSELLER,M
ROSELO,M
ROSELON,M
ROSELYN,F
ROSEMARIE,F
ROSEMARY,F
ROSENA,F
ROSENAIDA,F
ROSENDO,M
ROSENIO,M
ROSETTE,F
ROSEVIDA,F
ROSFIDO,M
ROSIE,F
ROSILA,F
ROSILOIDA,F
ROSITA,F
ROSITO,M
ROSJANE,F
ROSLIE,M
ROSLYN,F
ROSMITO,M
ROSMUNDO,M
ROSNA,F
ROSS,M
ROSSMAN,M
ROSVE,M
ROTELIO,M
ROTEO,M
ROUBEL,M
ROUMEL,M
ROVENCIO,M
ROVILLO,M
ROVIN,M
ROVY,M
ROWAIDA,F
ROWE,M
ROWEL,M
ROWELL,M
ROWEN,M
ROWENA,F
ROWIL,M
ROWNIL,M
ROWYN,M
ROX,M
ROXANNE,F
ROXAS,M
ROXETTE,F
ROXIE,M
ROXING,F
ROY,M
ROYCE,M
ROZABETH,F
ROZENY,F
RPL,M
RR,M
RTF,M
RUBEN,M
RUBENCIO,M
RUBI,F
RUBILYN,F
RUBIN,M
RUBY,F
RUDENCIO,M
RUDERIC,M
RUDIE,M
RUDIMAR,M
RUDIN,M
RUDING,M
RUDIRIC,M
RUDITO,M
RUDJUM,F
RUDOLFO,M
RUDOLPH,M
RUDY,M
RUEL,M
RUEN,M
RUFA,F
RUFAIDA,F
RUFEL,M
RUFF,M
RUFIDEL,M
RUFINA,F
RUFINO,M
RUFO,M
RUHOLLAH,M
RUIN,M
RUIZ,M
RUJIN,M
RUMAR,M
RUMEL,M
RUNDY,M
RUPERT,M
RUPERTO,M
RUPET,M
RUPRIO,M
RURU,F
RUSDY,M
RUSHFORD,M
RUSKIN,M
RUSMAR,M
RUSSEL,M
RUSSELL,M
RUSSMAN,M
RUSTAM,M
RUSTAN,M
RUSTICO,M
RUSTOM,M
RUSTY,M
RUSVIN,M
RUTCHEL,F
RUTH,F
RUTHRELLA,F
RUTILLO,M
RUVILON,M
RUVY,F
RUWEL,M
RV,M
RYAN,M
RYANH,M
RYANNE,M
RYANRJ,M
RYDEL,F
SAAD,M
SAADIA,F
SAADODEN,M
SAADON,M
SAADUDIN,M
SAANN,F
SABADO,M
SABAS,M
SABDANI,M
SABEN,M
SABENIANO,M
SABIDO,M
SABILA,M
SABINA,F
SABINIANO,M
SABINO,M
SABRE,M
SABRIZA,F
SABUDDIN,M
SACHEEN,F
SACRAMENT,M
SACUL,M
SADAM,M
SADAT,M
SADDAM,M
SADEKA,F
SADHAT,M
SADIK,M
SADIKUL,M
SADONG,M
SADRI,M
SADY,M
SAE,F
SAEED,M
SAEL,M
SAFRA,M
SAGA,M
SAGANDINGAN,M
SAGIRAN,M
SAGRADO,M
SAGRIN,M
SAGUIRA,F
SAHARA,F
SAHI,M
SAHIBBAL,M
SAHID,M
SAHIDUL,M
SAHRIA,F
SAIB,M
SAIBA,F
SAIBEN,M
SAIBIN,M
SAID,M
SAIDALI,M
SAIDAMEN,M
SAIDAR,M
SAIDEL,M
SAIDEN,M
SAIDIE,M
SAIDUL,M
SAIFODEN,M
SAILITO,M
SAIN,M
SAINODIN,M
SAINTHIA,F
SAIPODEN,M
SAIRA,F
SAJID,M
SAJILI,M
SAKANDAL,M
SAKI,F
SAKIB,M
SAKIL,M
SAKLULU,M
SAL,M
SALABAN,M
SALACNIB,M
SALAHUDIN,M
SALAL,M
SALAM,M
SALAMADDIN,M
SALAMAT,M
SALASIYA,F
SALATIEL,M
SALCEDO,M
SALDDY,M
SALEM,M
SALETO,M
SALI,M
SALIC,M
SALIE,M
SALIH,M
SALIHIN,M
SALIK,M
SALIM,M
SALIMAR,M
SALING,F
SALIPADA,M
SALIS,M
SALLY,F
SALMA,F
SALMAN,M
SALOME,F
SALUD,F
SALUDARIO,M
SALUNDA,M
SALUSTIANA,F
SALUSTIANO,M
SALUTARIO,M
SALVACION,F
SALVADOR,M
SALVADORA,F
SALVE,F
SALVIO,M
SALWAY,M
SAM,M
SAMAD,M
SAMAN,M
SAMANODIN,M
SAMANUDIN,M
SAMBITORY,M
SAMBO,M
SAMBOY,M
SAMER,M
SAMERODING,M
SAMIA,F
SAMID,M
SAMIM,M
SAMIR,M
SAMMUEL,M
SAMMY,M
SAMO,M
SAMONTE,M
SAMORANAO,M
SAMRAH,F
SAMSAM,M
SAMSI,M
SAMSODEN,M
SAMSODHEN,M
SAMSODIN,M
SAMSON,M
SAMSUDIN,M
SAMUAN,M
SAMUEL,M
SAMY,M
SANAH,F
SANAIRA,F
SANCHO,M
SANDER,M
SANDIALE,M
SANDIELITO,M
SANDRA,F
SANDRO,M
SANDY,M
SANGBAAN,M
SANICAR,M
SANIEL,M
SANING,F
SANNY,M
SANO,M
SANTANINA,F
SANTI,M
SANTIAGO,M
SANTINO,M
SANTONG,M
SANTOS,M
SANTY,M
SAPPALI,M
SAPRA,M
SARABON,M
SARAH,F
SARAHMAE,F
SARAMAN,M
SARAMINAH,F
SARDING,M
SARIAN,M
SARIE,F
SARIO,M
SARIP,M
SARIPADA,M
SARIPUDDIN,M
SAROY,M
SARSE,M
SASAHAN,F
SATAR,M
SATTAL,M
SATURNINA,F
SATURNINO,M
SAUD,M
SAUDI,M
SAUL,M
SAULO,M
SAURA,F
SAWAB,M
SAWADJAAN,M
SAYDIA,F
SAYKI,F
SAYONG,F
SB,M
SCANDER,M
SCARLETT,F
SCHEDAR,F
SCIENCE,F
SCOTT,M
SEAMIGHT,M
SEAN,M
SEBASTIAN,M
SEBEDIN,M
SECEL,F
SED,M
SEDDICK,M
SEDERO,M
SEDFREY,M
SEDOLITO,M
SEGUNDINA,F
SEGUNDINO,M
SEGUNDO,M
SEIN,F
SEL,M
SELA,M
SELDIO,M
SELWYN,M
SENADOR,M
SENANDRO,M
SENDO,M
SENEN,M
SENFORIANO,M
SENGHON,M
SEPEN,F
SEPHINE,F
SEPOK,M
SEPTEMIO,M
SERAFIN,M
SERBIN,M
SERBING,M
SERGIE,M
SERGIO,M
SERLINO,M
SERSON,M
SERVANDO,M
SERVELITO,M
SERVILLANO,M
SERVILLE,M
SERWIN,M
SESINANDO,M
SESY,F
SETE,F
SETH,M
SEVEN,M
SEVERA,F
SEVERIANO,M
SEVERINA,F
SEVERINO,M
SEVERO,M
SEYMOR,M
SHADENHAR,M
SHADRIA,F
SHAHAWE,M
SHAHIR,M
SHAIDIN,M
SHAINA,F
SHAINOLLAH,M
SHAJID,M
SHAJIDA,F
SHALAKO,M
SHALANI,F
SHALENE,F
SHALIMAR,F
SHAMEEM,M
SHAMIL,M
SHAMIR,M
SHARA,F
SHAREE,F
SHARI,F
SHARIEFFALI,M
SHARIEFULLAH,M
SHARIF,M
SHARINA,F
SHARINE,F
SHARLOU,M
SHARMAINE,F
SHARMYN,F
SHARON,F
SHEEAN,F
SHEELA,F
SHEENA,F
SHEFFERED,M
SHEHAMA,F
SHEILA,F
SHEINA,F
SHELA,F
SHELAH,F
SHELDONE,M
SHELLA,F
SHELLY,F
SHELMA,F
SHERHAN,M
SHERHANA,F
SHERLITA,F
SHERLITO,M
SHERLY,F
SHERLYN,F
SHERNAN,M
SHERRY,F
SHERRYL,F
SHERWEEN,M
SHERWIN,M
SHERWYN,M
SHERY,F
SHERYL,F
SHERYLL,F
SHIELA,F
SHIELAH,F
SHIELLA,F
SHIELO,F
SHIELWA,F
SHIERRE,F
SHIERWIN,M
SHIHLA,F
SHILLA,F
SHIMONETTE,F
SHINTANI,M
SHIRLEY,F
SHIRLITA,F
SHIRLYN,F
SHONNY,M
SHUAIB,M
SHYNE,F
SHYRA,F
SIANN,M
SID,M
SIDIC,M
SIDIK,M
SIDNEY,M
SIEGFREDO,M
SIEGFRIED,M
SIHAMI,M
SIHON,M
SIKAL,M
SILAS,M
SILONGAN,M
SILVANO,M
SILVERIA,F
SILVERIO,M
SILVESTRE,M
SILVINO,M
SIM,M
SIMACO,M
SIMEON,M
SIMFROSO,M
SIMI,M
SIMON,M
SIMOUNE,M
SIMPAN,F
SIMPLICIA,F
SIMPLICIO,M
SIMPOR,M
SINAB,F
SINDO,M
SINGGON,M
SINGTAON,M
SINIO,M
SINODIN,M
SINOY,M
SINSUAT,M
SINTIM,M
SIOKUN,M
SIONIE,F
SIONY,F
SIOTY,M
SIPIN,F
SIR,M
SIRA,M
SIRAD,M
SIRDAN,M
SIRHAN,M
SISINIO,M
SISO,M
SITO,M
SITTI,F
SITTIDAYA,F
SITTIE,F
SITTIHERNA,F
SITTY,F
SIXTA,F
SIXTO,M
SJ,M
SME,M
SOBAIR,M
SOBO,M
SOC,M
SOCARNO,M
SOCITO,M
SOCORRO,F
SOCRATES,M
SOCRING,M
SODAIZ,M
SOFIA,F
SOFONIAS,M
SOFRONIA,F
SOFRONIO,M
SOHAILI,M
SOHAILY,M
SOHARTO,M
SOHRA,F
SOLAIMAN,M
SOLEDAD,F
SOLEMA,F
SOLFERINO,M
SOLI,F
SOLIMAN,M
SOLITA,F
SOLLY,M
SOLMAR,M
SOLOMON,M
SOLON,M
SOLY,F
SOMER,M
SOMERADO,M
SOMIRADO,M
SON,M
SONIA,F
SONJIE,M
SONNY,M
SONNYBOY,M
SONYA,F
SOPHIA,F
SORAB,M
SORAIDA,F
SORAYDA,F
SORIANO,M
SOT,M
SOTERA,F
SOTERO,M
SOTTO,M
SOWAIB,M
SOY,M
SPARK,M
SPEED,M
SPENCER,M
SPYE,F
ST,F
STALIN,M
STANLEY,M
STAR,F
STEEKIE,M
STELLA,F
STEP,M
STEPH,F
STEPHANIE,F
STEPHANY,F
STEPHEN,M
STEPHINE,M
STEVE,M
STEVEN,M
STEVENS,M
STEWART,M
STRIKE,M
SUAD,M
SUAIB,M
SUAL,M
SUBAIRA,F
SUCITE,M
SUCONY,M
SUE,F
SUGULA,F
SUHARTO,M
SUHAYLI,M
SUKARNO,M
SULAIMAN,M
SULFICIA,F
SULMA,F
SULPICIA,F
SULPICIO,M
SULPING,M
SULUETA,F
SUMATRA,F
SUMERADO,M
SUMINANGKA,M
SUMOLONG,M
SUMULONG,M
SUN,M
SUNNY,M
SUPERMAN,M
SUPLI,M
SUPREMO,M
SURAIDA,F
SURINA,F
SUSA,F
SUSAN,F
SUSANA,F
SUSANO,M
SUSIE,F
SUWAIB,M
SUWEB,M
SUZETH,F
SUZETTE,F
SUZIE,F
SUZITA,F
SWATI,M
SWEET,F
SWERY,M
SYLVAN,M
SYLVESTER,M
SYLVIA,F
SYLVINA,F
SYMOND,M
SYMOR,M
SYREMAE,F
SYRIL,M
SYVIL,F
TABA,M
TABONG,M
TABOY,M
TABURONG,M
TABUSARES,F
TACIO,M
TAD,M
TADEO,M
TADO,M
TADOL,M
TADOY,M
TADZMAHAL,F
TAGALOG,M
TAGOT,M
TAHA,M
TAHATANJIE,M
TAHER,M
TAHIR,M
TAHIRA,F
TAHIRODIN,M
TAIB,M
TALAWIDAN,M
TALI,M
TALIB,M
TALIN,M
TALUTUKAN,M
TAMANO,M
TAMAS,M
TAMBOL,M
TAMBRIN,M
TAMPASAN,M
TAMY,M
TAN,M
TANANG,F
TANDO,M
TANGKOL,M
TANI,M
TANIE,M
TANIEL,M
TANNY,M
TANO,M
TANS,M
TANSOY,M
TANTAN,M
TANTO,M
TANTONG,M
TANY,M
TANYA,F
TARA,F
TARAT,M
TARCELITA,F
TARCICIO,M
TARCILA,F
TARCISIO,M
TARI,M
TARIKADZIZ,M
TARING,M
TARO,M
TAROK,M
TARYN,M
TASING,F
TASYA,F
TATAN,M
TATANG,M
TATAS,M
TATAY,M
TATI,M
TATING,M
TATIT,M
TATO,M
TATS,M
TATUA,M
TAUTIN,M
TAWAB,M
TAWANTAWAN,M
TAWASIL,M
TAWE,M
TAWING,M
TAWO,M
TAYA,M
TAYO,M
TEBAN,M
TECHE,F
TECHIE,F
TED,M
TEDCOSTINA,M
TEDDY,M
TEDDYDES,M
TEDIRICO,M
TEEMEE,F
TEJANO,M
TEK,M
TEKILA,F
TEKWA,M
TELAMAESTRA,M
TELANG,F
TELESFORO,M
TELIO,M
TELLY,M
TELWIN,M
TELYANG,F
TEMY,M
TEMYONG,M
TEN,M
TENAJA,M
TENG,M
TENIE,M
TENTEN,M
TENYING,M
TEODOLO,M
TEODORA,F
TEODORICO,M
TEODORO,M
TEODOSIA,F
TEODOSIO,M
TEODULFA,F
TEODULFO,M
TEODULO,M
TEODY,M
TEOF,M
TEOFANES,M
TEOFILA,F
TEOFILO,M
TEOFISTO,M
TEOFREDO,M
TEOGENES,M
TEONES,M
TEOPISTO,M
TEOTIMO,M
TER,M
TERENCE,M
TERENCIO,M
TERESA,F
TERESITA,F
TERESITO,M
TERESO,M
TERIO,M
TERRENCE,M
TERRY,M
TERRYL,F
TERTOLIANO,M
TERTULIANO,M
TERZO,M
TESALONICA,F
TESANG,F
TESDAMAN,M
TESS,F
TESSA,F
TESSIE,F
TETE,M
TETET,M
TEY,M
TEYENG,F
THA,M
THACHER,M
THADDEUS,M
THADDY,M
THADEO,M
THAMAR,F
THAMTHAM,M
THEA,F
THELMA,F
THELMO,M
THEMISTOCLES,M
THEO,M
THEODORE,M
THERESA,F
THERESE,F
THERESITA,F
THIRD,M
THIRDY,M
THO,M
THOMAS,M
THOMPSON,M
THONG,M
THOPE,M
THOR,M
THRISTAN,M
TIAN,M
TIBLAN,M
TIBONG,M
TIBOY,M
TIBULON,M
TIBURCIO,M
TICBOY,M
TIDONG,M
TIDOT,M
TIDOY,M
TIKBOY,M
TILO,M
TIM,M
TIMANG,M
TIMEE,F
TIMMY,M
TIMO,M
TIMOJINO,M
TIMONG,M
TIMOTEO,M
TIMOTHY,M
TIN,F
TINA,F
TINAN,F
TINDUS,F
TING,M
TINGTONG,M
TINO,M
TINTIN,F
TINTO,M
TIPASI,M
TIRSO,M
TISAY,F
TISOY,M
TITA,F
TITI,M
TITING,M
TITIT,F
TITO,M
TITOH,M
TITOTITO,M
TITTAN,M
TITUS,M
TIVONG,M
TIWALALANG,M
TJ,M
TO,M
TOBIAS,M
TOBIT,M
TOBY,M
TOHAME,M
TOHAMIE,M
TOHO,M
TOK,M
TOKI,M
TOKIA,M
TOKNIE,M
TOKOY,M
TOL,M
TOLENTINO,M
TOLIN,M
TOLINDOY,M
TOLLY,M
TOLO,M
TOM,M
TOMANG,M
TOMAS,M
TOMASA,F
TOMASINO,M
TOMASITO,M
TOMINAMAN,M
TOMMPEN,M
TOMMY,M
TOMY,M
TON,M
TONDATU,M
TONETTE,F
TONG,M
TONGCO,M
TONGTONG,M
TONTON,M
TONY,M
TONYPEP,M
TOP,M
TOPAAN,M
TOPER,M
TOPHER,M
TOPI,M
TOPING,M
TOR,M
TORIBIO,M
TORNI,M
TORNOY,M
TOSCA,F
TOTEL,M
TOTI,M
TOTIE,M
TOTING,M
TOTO,M
TOTOM,M
TOTON,M
TOTONG,M
TOTOY,M
TOTS,M
TOTSIE,F
TOXI,M
TOY,M
TOYANG,F
TRANQUILINA,F
TRANQUILINO,M
TRAZON,M
TREGIDIO,M
TRES,M
TRIA,F
TRINA,F
TRINIDAD,F
TRINING,F
TRINITAS,F
TRISHA,F
TRISTAN,M
TRIX,F
TRIXIE,F
TROADIO,M
TROI,M
TROPHY,M
TROY,M
TSALDARIZ,M
TUAN,M
TUAZON,M
TUCAO,M
TUGAY,M
TUKS,M
TULAWIE,M
TUNGKANG,M
TUNGKO,M
TURBO,M
TURIANO,M
TURING,M
TURNE,M
TUTTI,M
TUTUH,M
TWEETY,F
TYRON,M
TYRONE,M
TYSON,M
UBAIDIE,M
UBALDINO,M
UBALDO,M
UBAN,M
UCHING,M
UDONG,M
UDTOG,M
UGOY,M
UKALA,M
UKOL,M
ULDARICO,M
ULGA,F
ULIVER,M
ULMAN,M
ULPIANO,M
ULWAN,M
ULY,M
ULYSES,M
ULYSIS,M
ULYSSES,M
UMBE,M
UMBOS,M
UMBRA,M
UMMU,F
UMPAY,M
UMPEK,M
UNCLE,M
UNDO,M
UNGGA,M
UNIQUE,M
UNO,M
UNTING,M
UNYO,M
UPPI,M
URBANA,F
URBANITO,M
URBANO,M
URCESIO,M
URCISINA,F
URIAS,M
URLAN,M
URS,M
URSENIA,F
URSULA,F
USMAN,M
USODAN,M
USOK,M
USOP,M
USOPH,M
USTAD,M
USTING,M
UTAY,F
UTTOH,M
UWANG,M
VAL,M
VALDEMAR,M
VALDEZ,M
VALENTE,M
VALENTIN,M
VALENTINE,M
VALENTINO,M
VALERIANA,F
VALERIANO,M
VALERIE,F
VALERIO,M
VALMAR,M
VAN,M
VANCE,M
VANDOLF,M
VANESSA,F
VANGIE,F
VANJ,F
VANNEVAR,M
VANVAN,M
VECINE,F
VEDASTO,M
VEDE,M
VEELLY,M
VEGERANO,M
VEJA,F
VELAYO,M
VELDEN,F
VELIA,F
VELMO,M
VELMOR,M
VENANCIO,M
VENCETINE,M
VENE,M
VENELO,M
VENER,M
VENERANDO,M
VENESA,F
VENICE,M
VENIZAR,M
VENNY,M
VENSON,M
VENSUN,M
VENTURA,M
VENTURITO,M
VENUS,F
VENUSTO,M
VENYING,F
VENZENCIO,M
VER,M
VERANIO,M
VERGEL,M
VERGELIO,M
VERGIE,F
VERGIL,M
VERGILIO,M
VERGINITA,F
VERGITO,M
VERNA,F
VERNIE,M
VERNON,M
VERONICA,F
VERONICO,M
VETELIANO,M
VEVENCIA,F
VEVENCIO,M
VHERKIS,F
VHIM,M
VHINES,M
VIA,F
VIANCA,F
VIANNE,F
VIBOY,M
VIC,M
VICCON,M
VICENCIO,M
VICENTA,F
VICENTE,M
VICENTICO,M
VICENTITO,M
VICI,M
VICKY,F
VICMAN,M
VICMAR,M
VICO,M
VICTOMAR,M
VICTON,M
VICTOR,M
VICTORIA,F
VICTORIANA,F
VICTORIANO,M
VICTORINO,M
VICTORIO,M
VICTRICIO,M
VICVIC,M
VIDA,F
VIDAL,M
VIDALA,F
VIEME,F
VIETO,M
VIGON,M
VILEA,F
VILIE,M
VILLA,F
VILLAMERTO,M
VILLAMOR,M
VILLARIN,M
VILLAROSA,F
VILLEGAS,M
VILMA,F
VILMAR,M
VILMER,M
VILMO,M
VIM,M
VIMOEL,M
VIMVIM,F
VIN,M
VINA,F
VINANG,F
VINCE,M
VINCENT,M
VINCHY,M
VINIANG,F
VINO,M
VINZ,M
VIOLA,F
VIOLETA,F
VIOLETO,M
VIOLY,F
VIONG,M
VIP,M
VIPOPS,M
VIR,M
VIRGELIO,M
VIRGELLE,F
VIRGIE,F
VIRGIL,M
VIRGILIA,F
VIRGILIO,M
VIRGILITA,F
VIRGILITO,M
VIRGINCITO,M
VIRGINIA,F
VIRGINIO,M
VIRGINITA,F
VIRJHONG,M
VISING,F
VISITACION,F
VISMARK,M
VISMINDA,F
VISTAHAN,M
VITALIANO,M
VITO,M
VITTORIO,M
VIVENCIA,F
VIVENCIO,M
VIVI,F
VIVIAN,F
VIVIANE,F
VIVINCIO,M
VIYONG,M
VJ,M
VLADIMIR,M
VOL,M
VOLTAIRE,M
VOLTER,M
VON,M
VONN,M
VONNARK,M
VOX,M
VP,M
VRYANT,M
VY,F
W,M
WADI,M
WADO,M
WAGNER,M
WAHAB,M
WAHID,M
WAHOO,M
WAINWRIGHT,M
WAKONG,M
WALDEN,M
WALDO,M
WALFREDO,M
WALFRIDO,M
WALID,M
WALLACE,M
WALLY,M
WALTER,M
WALTHON,M
WANAY,M
WANDA,F
WANGBU,M
WANNUR,F
WANTAN,M
WANWAN,M
WARDELITO,M
WARDELL,M
WARDEX,M
WAREN,M
WARID,M
WARLEO,M
WARLITA,F
WARLITO,M
WARLITZER,M
WARLY,M
WARNELL,M
WARREN,M
WARSA,F
WARTON,M
WARVULGA,M
WASHINGTON,M
WASILAH,F
WATA,M
WATARI,M
WATONG,M
WAWA,M
WAWAT,M
WAWENG,M
WAYKURAT,M
WAYNE,M
WEBB,M
WEBSTER,M
WEDHIE,M
WEDZRHAN,M
WEL,M
WELDIE,M
WELEJADO,M
WELFREDO,M
WELIJAIDA,F
WELLA,F
WELLIE,M
WELLINGTON,M
WELLMAN,M
WELLYBEL,M
WELSAM,M
WELSON,M
WELTER,M
WENCEROM,M
WENCESLAO,M
WENCHITA,F
WENCY,M
WENDA,F
WENDELITA,F
WENDELL,M
WENDY,F
WENEFREDO,M
WENIFREDO,M
WERINO,M
WESLEY,M
WESSEL,M
WESTMORELAND,M
WEWIN,M
WEYNARD,M
WHAJID,M
WHELMA,F
WHEYAM,F
WHIRLY,M
WIL,M
WILAN,M
WILANE,F
WILBEC,M
WILBERT,M
WILBERTH,M
WILBERTO,M
WILBOR,M
WILBORN,M
WILBORNE,M
WILBUR,M
WILDEAN,M
WILDIE,M
WILDY,M
WILFIE,M
WILFRED,M
WILFREDA,F
WILFREDO,M
WILFRIDO,M
WILHELM,M
WILHELMINA,F
WILHELMINO,M
WILHELMO,M
WILKINGSON,M
WILL,M
WILLAND,M
WILLARD,M
WILLIAM,M
WILLIARD,M
WILLIE,M
WILLO,M
WILLY,M
WILMA,F
WILMAR,M
WILMER,M
WILMORE,M
WILO,M
WILSON,M
WILTER,M
WILVINZ,M
WILY,M
WIN,M
WINA,F
WINCHINO,M
WINDELL,M
WINDELYN,F
WINDON,M
WINDY,F
WINEFREDA,F
WINEFREDO,M
WINELS,M
WINET,F
WINFREDO,M
WINGTON,M
WINIFREDO,M
WINKEY,M
WINKY,M
WINLOVE,M
WINNOCO,M
WINSTON,M
WITFIELD,M
WIWET,M
WIWITLAWLAW,M
WOODROW,M
WOWEE,F
WOWIE,M
WRANCUDO,M
WYCLIFF,M
WYNDEL,M
XANDER,M
XANDRIX,M
XAVIER,M
XENIA,F
XENNA,F
XERNAN,M
XIMGIL,M
XZ,F
YACELYN,F
YACOB,M
YAHIYA,M
YAHYHJUN,M
YAM,M
YANG,F
YANILLE,F
YAP,M
YASHER,M
YASHIER,M
YASIN,M
YASMIN,F
YASSER,M
YATS,M
YAYADIN,M
YED,M
YEP,M
YEVGENY,M
YGGY,M
YING,F
YIPYIP,M
YM,M
YMARD,M
YNA,F
YODE,M
YOKYOK,M
YOLANDA,F
YOLANDO,M
YOLEE,F
YOLIGARIO,M
YOLIN,F
YOLY,F
YOMIE,M
YONGYONG,M
YONI,F
YONNIE,F
YONOR,M
YOYANG,F
YOYO,M
YOYONG,M
YOYOT,M
YOYOY,M
YSABEL,F
YSHMAEL,M
YSMAEL,M
YSTAN,M
YUDEL,M
YULIK,M
YUMEN,M
YUNOS,M
YUPIM,M
YURI,M
YUSA,M
YUSOP,M
YUSOPH,M
YUSSOF,M
YVES,M
YVONNE,F
ZABIDE,M
ZACARIA,M
ZACARIAS,M
ZACARINA,F
ZADRAC,M
ZAFFRULLAH,M
ZAFIRO,M
ZAHARA,F
ZAHRA,F
ZAIDE,M
ZAINAL,M
ZAINODIN,M
ZAINUDIN,M
ZAIRA,F
ZAKE,M
ZAKIYA,F
ZALDY,M
ZAMBOANGA,M
ZAMUEL,M
ZAMZAMA,M
ZAMZAMIN,M
ZANDER,M
ZANDRA,F
ZANDRIA,F
ZANDRO,M
ZAR,M
ZARAH,F
ZARIUS,M
ZEN,F
ZENAIDA,F
ZENASS,M
ZENI,F
ZENIA,F
ZENON,M
ZENY,F
ZERESH,F
ZERG,M
ZERNAN,M
ZETO,M
ZEY,M
ZHARINA,F
ZHENET,F
ZIA,M
ZIGA,M
ZIGFRED,M
ZIHAN,F
ZINAS,M
ZINON,M
ZIP,M
ZITA,F
ZITO,M
ZOHRIA,F
ZOILITO,M
ZOILO,M
ZOLTAN,M
ZORAIDA,F
ZORAYDA,F
ZOSIMA,F
ZOSIMO,M
ZUBAIDA,F
ZUBAIR,M
ZUHARI,M
ZUKRA,F
ZURAIDA,F
ZURIEL,M
ZUSIMA,F
ZYREX,M
